title,place,date,victims,children,young_people,adults,old_people,anonymous,authors_event,execution
Lentini luglio 1943,Lentini,1943-07-01,2,0,0,1,0,0,Nazis,firearms
Canicattì 12-7-1943,Canicattì,1943-07-12,6,0,0,6,0,0,Nazis,firearms
Belpasso 17-7-1943,Belpasso,1943-07-17,1,0,0,1,0,0,Nazis,firearms
Randazzo agosto 1943,Randazzo,1943-08-01,3,0,0,0,0,3,Nazis,firearms
Mascalucia 3-8-1943,Mascalucia,1943-08-03,3,0,0,2,0,1,Nazis,firearms
Adrano 4-8-1943,Adrano,1943-08-04,11,0,0,10,1,0,Nazis,firearms
Valverde 6-8-1943,Valverde,1943-08-06,1,0,0,1,0,0,Nazis,firearms
Contrada Cava Trecastagni 7-8-1943,Contrada Cava,1943-08-07,1,0,0,1,0,0,Nazis,shooting
Contrada Calvario Delianuova 12-8-1943,Contrada Calvario,1943-08-12,1,0,0,0,0,0,Nazis,firearms
Castiglione di Sicilia 12.08.1943,Castiglione di Sicilia,1943-08-12,16,0,0,15,1,0,Nazis,firearms
Villafranca Tirrena 14-8-1943,Villafranca Tirrena,1943-08-14,1,0,0,1,0,0,Nazis,shooting
"Sant\\'Alessio, Forza d\\'Agrò, 14.08.1943",S. Alessio,1943-08-14,4,0,0,2,1,0,Nazis,shooting
S. Alessio Forza d’Agrò 14-8-1943,S. Alessio,1943-08-14,4,0,0,2,1,0,Nazis,shooting
Contrada Chiusa Gesso Messina 14-8-1943,Contrada Chiusa Gesso,1943-08-14,6,0,0,6,0,0,Nazis,firearms
Orto Liuzzo Messina 15-8-1943,Orto Liuzzo,1943-08-15,1,0,0,1,0,0,Nazis,shooting
Micigallo Taurianova 25-8-1943,Micigallo,1943-08-25,1,0,0,1,0,0,Nazis,shooting
Rizziconi 6-9-1943,Rizziconi,1943-09-06,17,1,2,4,2,8,Nazis,shooting
"Buccoli di Conforti , Eboli, 8/9/1943",Buccoli di Conforti,1943-09-08,1,0,0,1,0,0,Nazis,firearms
MOLINA VIETRI SUL MARE SETTEMBRE 1943,Molina,1943-09-09,1,0,0,0,1,0,Nazis,shooting
"ALTAMURA, 09.09.1943",Altamura,1943-09-09,1,0,1,0,0,0,Nazis,shooting
Piazza della Croce Ceprano 9-9-1943,Piazza della Croce,1943-09-09,1,0,0,1,0,0,Nazis,shooting
"GRAVINA, 09.09.1943",Gravina,1943-09-09,2,0,0,2,0,0,Nazis,shooting
VIGUZZOLO 09.09.1943,Viguzzolo,1943-09-09,1,0,0,0,0,0,Nazis,blades
VIGEVANO 09.09.1943,Vigevano,1943-09-09,2,0,0,1,0,0,Fascists,firearms
"Carpi, 09.09.1943",Carpi,1943-09-09,3,0,0,3,0,0,Fascists,firearms
"Piazza Lettieri, Arienzo, 9.9.1943",Piazza Lettieri,1943-09-09,1,0,0,0,0,0,Nazis,firearms
"Argine Po Località Golena, Felonica, 09.09.1943","Argine Po, Località Golena",1943-09-09,1,0,0,1,0,0,Nazis,firearms
"PIAZZA SAN ROCCO, TOLVE, 09.09.1943",Piazza San Rocco,1943-09-09,1,0,0,1,0,0,Nazis,firearms
PASSO RESIA 9.9.1943,Passo Resia,1943-09-09,1,0,0,1,0,0,Nazis,firearms
"MANFREDONIA, 09.09.1943",Manfredonia,1943-09-09,1,1,0,0,0,0,Nazis,firearms
"contrada Del Monte, Conca della Campania, 9/09/1943",contrada Del Monte,1943-09-09,1,0,0,1,0,0,Nazis,firearms
"Acerno, 9/9/1943",Acerno,1943-09-09,1,0,0,1,0,0,Nazis,firearms
"VOGHERA, 09.09.1943",Voghera,1943-09-09,1,0,0,1,0,0,Nazis,firearms
"Via Appia, Itri, 9 settembre 1943",Via Appia,1943-09-09,1,0,0,1,0,0,Nazis,firearms
Taverna Montalto Uffugo 9-9-1943,Taverna,1943-09-09,1,0,0,1,0,0,Nazis,firearms
via Ponte dei Cani Poggiomarino 9-9-1943,via Ponte dei Cani,1943-09-09,1,0,0,1,0,0,Nazis,firearms
Verona 9-9-1943,Verona,1943-09-09,1,0,0,1,0,0,Nazis,firearms
"Corso Umberto I, Mondragone, 09.09.1943",Corso Umberto I,1943-09-09,1,0,0,0,1,0,Nazis,firearms
"Oltrisarco, 9.9.1943",Oltrisarco,1943-09-09,2,0,0,2,0,0,Nazis,firearms
"Trento, 9.9.1943",Trento,1943-09-09,2,0,0,0,0,0,Nazis,firearms
"BITETTO, 09.09.1943",Bitetto,1943-09-09,3,0,0,3,0,0,Nazis,firearms
"CENTRO CITTADINO, CREMONA, 09.09.1943",Centro di Cremona,1943-09-09,6,0,0,5,0,0,Nazis,firearms
"MONTEMURLO, AMEGLIA, 10-11.09.1943",Montemurlo,1943-09-10,1,0,0,1,0,0,Nazis,shooting
"SMISTAMENTO FERROVIARIO SAN DONATO, BOLOGNA, 10.09.1943","Smistamento Ferroviario San Donato, via del Crocione",1943-09-10,1,0,0,0,0,0,Nazis,firearms
"Napoli, località imprecisata, 10-12.09.1943",Napoli,1943-09-10,1,0,0,0,0,0,Nazis,firearms
"Corso Garibaldi, Zagarolo, 10 settembre 1943",Corso Garibaldi,1943-09-10,1,0,0,0,0,1,Nazis,firearms
VIA DEL MONTE TORRE DEL GRECO 10.09.1943,Via del Monte,1943-09-10,1,0,0,1,0,0,Nazis,firearms
ANZOLA DELL’EMILIA 10.09.1943,Anzola dell\\'Emilia,1943-09-10,2,0,0,0,0,0,Nazis,firearms
"Contrada Tavernarsa, Nusco, 10/9/1943",Contrada Tavernarsa,1943-09-10,2,0,1,0,1,0,Nazis,firearms
"via Ostiense, Roma, 10 settembre 1943",via Ostiense,1943-09-10,2,0,0,2,0,0,Nazis,firearms
caserma Cella Schio 10-09-1943,caserma Cella,1943-09-10,4,0,0,4,0,0,Nazis,firearms
PORTA NUOVA TORINO 10.09.1943,Porta Nuova,1943-09-10,4,0,0,3,1,0,Nazis,firearms
"Caserma Principe Amedeo, Piazza d\\'armi, Nola, 10-11/9/1943",Piazza d\\'armi,1943-09-10,11,0,0,11,0,0,Nazis,firearms
"Aversa, 11.09.1943",Località imprecisata,1943-09-11,1,0,0,1,0,0,Nazis,shooting
"VARAZZE, 11.09.1943",Varazze,1943-09-11,1,0,0,1,0,0,Nazis,shooting
CORSO UMBERTO I SANTA MARIA CAPUA VETERE 11.09.1943,Corso Umberto I di Santa Maria Capua Vetere,1943-09-11,1,0,0,1,0,0,Nazis,blades
"Napoli, località imprecisata, 11.09.1943",Napoli,1943-09-11,1,0,0,1,0,0,Nazis and Fascists,firearms
"OSPEDALE DI BRA, BRA, 11.09.1943",Ospedale di Bra,1943-09-11,1,0,0,1,0,0,Nazis,firearms
PONTI DELLA VALLE MADDALONI 11.09.1943,Ponti della Valle,1943-09-11,1,0,0,1,0,0,Nazis,firearms
"Le Caterine, Montecorvino Pugliano, 11/9/1943",Le Caterine,1943-09-11,1,0,0,0,1,0,Nazis,firearms
"Reggia Quisisana, Castellammare di Stabia, 11/9/1943",Reggia Quisisana,1943-09-11,1,0,0,1,0,0,Nazis,firearms
"Via Principe Amedeo, Mantova, 11.09.1943",Via Principe Amedeo,1943-09-11,1,0,0,0,0,0,Nazis,firearms
SPALTO LAGO SUPERIORE MANTOVA 11-12.09.1943,Spalto Lago Superiore,1943-09-11,1,0,0,0,1,0,Nazis,firearms
"CORATO, 11.09.1943",Corato,1943-09-11,1,0,0,1,0,0,Nazis,firearms
"Villa comunale, Castellammare di Stabia, 11/9/1943",Villa comunale,1943-09-11,1,0,0,1,0,0,Nazis,firearms
Vicenza 11-09-1943,Vicenza,1943-09-11,1,0,0,0,0,0,Nazis,firearms
"BRA, 11.09.1943",Bra,1943-09-11,2,0,0,0,1,0,Nazis,firearms
"Lancusi, Fisciano, 11.09.1943",Lancusi,1943-09-11,2,0,0,2,0,0,Nazis,firearms
"CORSO STUPINIGI, TORINO 11.09.1943",Corso Stupinigi (corso Unione sovietica),1943-09-11,3,0,0,2,0,0,Nazis,firearms
"Via del Gazometro, Roma, 11 settembre 1943",Via del Gazometro,1943-09-11,3,0,0,3,0,0,Nazis,firearms
CASERMA LAMARMORA VIA PRINCIPE AMEDEO TORINO 11.09.1943,"Caserma Lamarmora, via Principe Amedeo",1943-09-11,4,0,0,2,0,0,Nazis,firearms
"Cantieri navali,	Castellammare di Stabia, 11/9/1943",Cantieri navali,1943-09-11,5,0,0,5,0,0,Nazis,firearms
"Castello di Scilla, Marano, 11-9-1943",Castello di Scilla,1943-09-11,9,0,0,9,0,0,Nazis,firearms
OPIFICIO MILITARE REGINA MARGHERITA TORINO 11.09.1943,"Opificio militare, corso Regina Margherita",1943-09-11,16,0,1,7,3,0,Nazis,firearms
"CASTELLANETA, 11.09.1943",Castellaneta,1943-09-11,23,0,0,0,0,1,Nazis,firearms
"Tićan (Bivio di Tissano), Višnjan (Visignano), 11.09.1943",Tićan (Bivio di Tissano),1943-09-11,84,0,0,0,0,0,Nazis,firearms
"BARLETTA, 12.09.43",Barletta,1943-09-12,13,1,1,5,1,0,Nazis,shooting
UNIVERSITÀ NAPOLI 12.09.1943,Università,1943-09-12,1,0,0,1,0,0,Nazis,shooting
"Via San Dionigi, Milano, 12.09.1943",Via San Dionigi,1943-09-12,4,0,0,4,0,0,Nazis,shooting
VIA CESARIO CONSOLE NAPOLI 12.09.1943,Via Cesario Console,1943-09-12,8,0,0,8,0,0,Nazis,shooting
"Piazza Federico II di Svevia, Barletta, 12.09.1943",Piazza Svevia,1943-09-12,12,0,0,12,0,0,Nazis,shooting
"Vodnjan (Dignano d\\'Istria), 12.09.1943",Vodnjan (Dignano d\\'Istria),1943-09-12,16,0,0,0,0,0,Nazis,shooting
PIAZZA SAN LORENZO PISTOIA 12.09.1943,Piazza San Lorenzo,1943-09-12,6,0,0,4,1,0,Nazis,shooting
"VIA PIAVE, ALBA, 12.09.1943",Via Piave,1943-09-12,1,0,0,0,1,0,Nazis,firearms
"STAZIONE ALTIPIANO, MONDOVÌ, 12.09.1943",Stazione Altipiano,1943-09-12,1,0,0,1,0,0,Nazis,firearms
"Ospedale poveri infermi, Trinità, 12.09.1943",Ospedale poveri infermi,1943-09-12,1,0,0,0,1,0,Nazis,firearms
"OSPEDALE FRATTAMAGGIORE, SUCCIVO, 12.09.1943",Ospedale Frattamaggiore,1943-09-12,1,0,0,0,0,0,Nazis,firearms
CASTEL VISCARDO 12.09.1943,Castel Viscardo,1943-09-12,1,0,0,1,0,0,Nazis,firearms
"Taliedo, Milano, 12.09.1943",Taliedo,1943-09-12,1,0,0,1,0,0,Nazis,firearms
"BARLETTA, 12.09.1943",Barletta,1943-09-12,1,0,0,0,0,0,Nazis,firearms
"Assergi, L\\'Aquila, 12.09.1943",Assergi,1943-09-12,1,0,0,1,0,0,Nazis,firearms
"Napoli, località imprecisata, 12.09.1943",Napoli,1943-09-12,1,0,0,1,0,0,Nazis,firearms
"Melzo, 12.09.1943",Melzo,1943-09-12,1,0,0,0,0,1,Nazis,firearms
MONTI LATTARI GRAGNANO 12.09.1943,Monti Lattari,1943-09-12,1,0,0,0,1,0,Nazis,firearms
NISIDA NAPOLI 12.09.1943,Nisida,1943-09-12,1,0,0,1,0,0,Nazis,firearms
FRATTE SALERNO 12.09.1943,Fratte,1943-09-12,2,0,0,0,0,1,Nazis,firearms
"CASALGRASSO, 12.09.1943",Casalgrasso,1943-09-12,3,0,0,3,0,0,Nazis,firearms
PIAZZA DELLA BORSA NAPOLI 12.09.1943,Piazza della Borsa,1943-09-12,4,0,0,4,0,0,Nazis,firearms
"San Vincenzo, Gricignano di Aversa, 12/9/1943",San Vincenzo,1943-09-12,4,0,0,2,0,1,Nazis,firearms
"Caserta, 12-19/9/1943",Caserta,1943-09-12,9,2,0,6,0,0,Nazis,firearms
"VIA BUSCA, CARAGLIO, 13.09.1943",Via Busca,1943-09-13,1,0,0,1,0,0,Nazis,shooting
"via Campo, Aversa, 13.09.1943",via Campo,1943-09-13,2,0,0,2,0,0,Nazis,shooting
"Madama Vincenza, Fertilia (oggi Teverola), 13/9/1943",Madama Vincenza,1943-09-13,16,0,0,16,0,0,Nazis,shooting
CASERMA 1. OTTOBRE DI SANTA MARIA CAPUA VETERE 13-14.09.1943,Caserma 1. Ottobre,1943-09-13,1,0,0,1,0,0,Nazis,blades
SANTA MARIA CAPUA VETERE 13-14.09.1943,Santa Maria Capua Vetere,1943-09-13,3,0,0,2,0,0,Nazis,blades
"Magliano Alpi, 13.09.1943",Magliano Alpi,1943-09-13,1,0,0,1,0,0,Nazis,firearms
BASCHI 13.09.1943,Baschi,1943-09-13,1,0,0,0,0,1,Nazis,firearms
"Napoli, località imprecisata, 13.09.1943",Napoli,1943-09-13,1,0,0,1,0,0,Nazis,firearms
"Via Colonne Nove (attuale via Colonne) , Giugliano, 13/9/1943",Via Colonne Nove,1943-09-13,1,0,0,1,0,0,Nazis,firearms
"Linate, Milano, 13.09.1943",Linate,1943-09-13,1,0,0,1,0,0,Nazis,firearms
"FUMO, CORVINO SAN QUIRICO, 13-14.09.1943",Fumo,1943-09-13,1,0,0,1,0,0,Nazis,firearms
"CIMITERO COMUNALE, CEREA, 13.09.1943",Cimitero comunale,1943-09-13,1,0,0,1,0,0,Nazis,firearms
Stanga Vicenza 13-09-1943,Stanga,1943-09-13,1,0,0,0,0,0,Nazis,firearms
"Ala, 13.9.1943",Ala,1943-09-13,1,0,0,1,0,0,Nazis,firearms
VIA CUMANA NAPOLI 13.09.1943,Via Cumana,1943-09-13,1,0,0,1,0,0,Nazis,firearms
"Villafranca di Verona, 13.09.1943",Villafranca di Verona,1943-09-13,2,0,0,2,0,0,Nazis,firearms
"Pula (Pola), 14.09.1943",Pula (Pola),1943-09-14,20,0,0,0,0,0,Nazis and Fascists,shooting
"CONTRADA POGGIO CAVALLO, POTENZA, 14.09.1943",Contrada Poggio Cavallo,1943-09-14,3,0,0,3,0,0,Nazis,shooting
Stazione ferroviaria. Acerra. 14/9/1943,Stazione ferroviaria,1943-09-14,1,0,0,0,0,0,Nazis,firearms
"Napoli, località imprecisata, 14.09.1943",Napoli,1943-09-14,1,0,0,0,1,0,Nazis,firearms
"Stazione ferroviaria, Ortona, 14.09.1943",Stazione ferroviaria,1943-09-14,1,0,0,0,0,0,Nazis,firearms
"Aversa,15.09.1943",Località imprecisata,1943-09-15,1,0,0,1,0,0,Nazis,shooting
"ARONA, 15-16.09.1943",Arona,1943-09-15,9,0,1,4,0,0,Nazis,shooting
prova estero,Bivio di Tissano,1943-09-15,84,0,0,0,0,0,Nazis and Fascists,blades
"Napoli, località imprecisata, 15.09.1943",Napoli,1943-09-15,1,0,0,1,0,0,Nazis,firearms
PONTI DELLA VALLE MADDALONI 15.09.1943,Ponti della Valle,1943-09-15,1,0,1,0,0,0,Nazis,firearms
"PORTA SERIO, CREMA, 15.09.1943",Porta Serio,1943-09-15,1,1,0,1,0,0,Nazis,firearms
"Cantieri metallurgici, Castellammare di Stabia, 15-19/9/1943",Cantieri metallurgici,1943-09-15,2,0,0,2,0,0,Nazis,firearms
RONCHI DEI LEGIONARI 15.09.1943,Ronchi dei Legionari,1943-09-15,4,0,0,4,0,0,Nazis,firearms
RONCHI DEI LEGIONARI 15.09.1943 bis,Ronchi dei Legionari,1943-09-15,4,0,0,4,0,0,Nazis,firearms
"RIONE S. ANTONIO, RIONERO IN VULTURE, 16.09.1943",Rione Sant\\'Antonio,1943-09-16,2,0,1,0,0,0,Nazis,shooting
"Kanfanar (Canfanaro), 16.09.1943",Kanfanar (Canfanaro),1943-09-16,26,0,0,0,0,0,Nazis,shooting
"Serino, 16/9/1943",Serino,1943-09-16,1,0,0,0,0,1,Nazis,blades
PONTI DELLA VALLE MADDALONI 16.09.1943,Ponti della Valle,1943-09-16,1,0,0,1,0,0,Nazis,firearms
"Castellammare di Stabia, 16.09.1943",Castellammare di Stabia,1943-09-16,1,0,0,1,0,0,Nazis,firearms
CASTAGNETO DI CAVA CAVA DEI TIRRENI 16.09.1943,Castagneto di Cava,1943-09-16,2,0,0,1,1,0,Nazis,firearms
"Villa comunale, Ariano Irpino, 16-24/9/1943",Villa Comunale,1943-09-16,3,0,0,0,0,1,Nazis,firearms
"SCALO FERROVIARIO, BARLETTA, 16.09.1943",Scalo ferroviario,1943-09-16,5,0,0,5,0,0,Nazis,firearms
"Largo Pozzano, Castellammare di Stabia, 16/9/1943",Largo Pozzano,1943-09-16,8,1,0,5,0,1,Nazis,firearms
VIA ANFITEATRO SANTA MARIA CAPUA VETERE 17.09.1943,Via Anfiteatro di Santa Maria Capua Vetere,1943-09-17,1,0,0,1,0,0,Nazis,blades
"Castellammare di Stabia, 17.09.1943",Castellammare di Stabia,1943-09-17,1,0,0,1,0,0,Nazis,blades
"Sassa, L\\'Aquila, 17.09.1943",Sassa,1943-09-17,1,0,0,1,0,0,Nazis,firearms
SANATORIO “GIOVANNI DA PROCIDA” SALERNO 17.09.1943,Sanatorio “Giovanni da Procida”,1943-09-17,1,0,0,1,0,0,Nazis,firearms
"San Biagio , Serino, 17/9/1943",San Biagio,1943-09-17,2,0,0,2,0,0,Nazis,firearms
"SANTERAMO, 17.09.1943",Santeramo,1943-09-17,2,0,1,1,0,0,Nazis,firearms
via Conocchiella Lucrino Pozzuoli 17-9-1943,Lucrino,1943-09-17,3,0,0,3,0,0,Nazis,firearms
"BAVENO, 17-22.09.1943",Baveno,1943-09-17,14,0,0,2,2,0,Nazis,firearms
"Via Michelangelo Cianciulli, Montella, 18-20/9/1943",Via Michelangelo Cianciulli,1943-09-18,2,0,0,2,0,0,Nazis,hanging
"via Campo, Aversa, 18.09.1943",via Campo,1943-09-18,1,0,0,1,0,0,Nazis,firearms
"Poggio Picenze, 19.09.1943",Poggio Picenze,1943-09-19,1,0,0,1,0,0,Nazis,shooting
"Valletta Aldriga, Curtatone, 19.09.1943",Valletta Aldriga,1943-09-19,10,0,0,10,0,0,Nazis,shooting
"MASSERIA DELLA CAPPELLA, CONTRADA MONTEFALCO, LATERZA, 19.09.1943","Masseria della Cappella, contrada Montefalco",1943-09-19,1,0,0,0,0,1,Nazis,firearms
"Avezzano, 19.09.1943",Avezzano,1943-09-19,1,0,0,1,0,0,Nazis,firearms
"L\\'Aquila, 20.09.1943",L\\'Aquila,1943-09-20,1,0,0,1,0,0,Nazis,blades
Lucrino Pozzuoli 20-9-1943,Lucrino,1943-09-20,1,0,0,1,0,0,Nazis,firearms
"via Fiume, San Cipriano d\\'Aversa",San Cipriano d\\'Aversa,1943-09-20,5,0,0,4,0,0,Nazis,firearms
"CONTRADA SANT\\'ELIGIO, ATELLA, 21.09.1943",Contrada Sant\\'Eligio,1943-09-21,2,0,0,2,0,0,Nazis,shooting
"Località imprecisata, Benevento, 21.9.1943",Località imprecisata,1943-09-21,1,0,0,1,0,0,Nazis,firearms
"Corso Umberto I, Sarno, 21/9/1943",Corso Umberto I,1943-09-21,1,0,0,1,0,0,Nazis,firearms
"MATERA, 21.09.1943",Matera,1943-09-21,26,0,0,19,2,0,Nazis,firearms
"MEINA, 22-23.09.1943",Meina,1943-09-22,16,0,1,8,1,0,Nazis,drowning
"Aversa, 22.09.1943",Località imprecisata,1943-09-22,1,0,0,1,0,0,Nazis,firearms
Licola Pozzuoli 22-9-1943,Licola,1943-09-22,1,0,0,1,0,0,Nazis,firearms
"Ponte di Starza, Summonte, 22/9/1943",Ponte di Starza,1943-09-22,1,0,0,1,0,0,Nazis,firearms
STABILIMENTO ASCARELLI SAN MARTINO VALLE CAUDINO 22/9/1943,Stabilimento Ascarelli,1943-09-22,2,0,1,0,0,0,Nazis,firearms
"Bagni di Contursi, Contursi Terme, 22/9/1943",Bagni di Contursi,1943-09-22,3,0,0,3,0,0,Nazis,firearms
"Rovinj (Rovigno), 22.09.1943",Rovinj (Rovigno),1943-09-22,4,0,0,0,0,0,Nazis,firearms
"L\\'Aquila, 23.09.1943",Casermette,1943-09-23,9,0,0,9,0,0,Nazis and Fascists,shooting
PROCCHIO MARCIANA 23.09-13.10.1943,Procchio,1943-09-23,14,0,0,0,0,14,Nazis,shooting
VIA TERMINI SANTA MARIA LA CARITÀ 23.09.1943,Via Termini,1943-09-23,1,0,0,1,0,0,Nazis,blades
GUSTI SESSA AURUNCA 23.09.1943,Gusti,1943-09-23,1,0,0,1,0,0,Nazis,firearms
RIPA ALTA MIGNANO MONTE LUNGO 23.09.1943,Ripa Alta,1943-09-23,1,0,0,1,0,0,Nazis,firearms
"Via Roma, Siano, 23/9/1943",via Roma,1943-09-23,1,0,0,1,0,0,Nazis,firearms
"Torre di Palidoro, 23 settembre 1943",Torre di Palidoro,1943-09-23,1,0,0,1,0,0,Nazis,firearms
Contrada Tortorelle Poggiomarino 23-9-1943,Contrada Tortorelle,1943-09-23,1,0,0,1,0,0,Nazis,firearms
VIA GINO CESCHELLI SAN GIUSEPPE VESUVIANO 23.09.1943,Via Gino Ceschelli,1943-09-23,1,0,0,1,0,0,Nazis,firearms
VIA PIETRO TOSELLI TORRE ANNUNZIATA 23.09.1943,Via Pietro Toselli,1943-09-23,1,0,0,0,1,0,Nazis,firearms
VIA SANTA MARIA LA SCALA SAN GIUSEPPE VESUVIANO 23.09.1943,Via Santa Maria La Scala,1943-09-23,1,0,0,0,1,0,Nazis,firearms
VIA VISITAZIONE SANTA MARIA LA CARITÀ 23.09.1943,Via Visitazione,1943-09-23,1,0,0,1,0,0,Nazis,firearms
PIAZZA ARMERIA TORRE ANNUNZIATA 23.09.1943,Piazza Armeria,1943-09-23,1,0,0,0,0,0,Nazis,firearms
VIA CANNETO SANTA MARIA LA CARITÀ 23.09.1943,Via Canneto,1943-09-23,1,0,0,1,0,0,Nazis,firearms
VIA DELLE ROSE SAN GIUSEPPE VESUVIANO 23.09.1943,Via delle Rose,1943-09-23,1,0,0,1,0,0,Nazis,firearms
"Porta Roma, Capua, 23.09.1943",Capua,1943-09-23,2,0,0,2,0,0,Nazis,firearms
SANT ARCANGELO CAVA DEI TIRRENI 23/9/1943,Sant’Arcangelo,1943-09-23,2,0,0,1,0,0,Nazis,firearms
"Fano, 23.09.1943",Fano,1943-09-23,2,1,0,0,0,0,Nazis,firearms
CARRAROLA MONDRAGONE 23-26.09.1943,Carrarola,1943-09-23,3,0,0,3,0,0,Nazis,firearms
"SCALO FERROVIARIO, BARAGIANO, 24.09.1943",Scalo Ferroviario,1943-09-24,1,0,0,1,0,0,Nazis,shooting
"CONTRADA CALVARIO, RIONERO IN VULTURE, 24.09.1943",Contrada Calvario,1943-09-24,16,0,0,16,0,0,Nazis,shooting
"VIA FENICULENZE, VILLA LITERNO, 24.09.1943",via Feniculenze,1943-09-24,1,0,0,0,0,0,Nazis,firearms
"Roccapiemonte, 24/9/1943",Roccapiemonte,1943-09-24,1,0,0,0,0,1,Nazis,firearms
Grotta del Sole Quarto 24-9-1943,Grotta del Sole,1943-09-24,1,0,0,1,0,0,Nazis,firearms
via Luciano Pozzuoli 24-9-1943,via Luciano,1943-09-24,1,0,0,1,0,0,Nazis,firearms
Contrada Tortorelle Poggiomarino 24-9-1943,Contrada Tortorelle,1943-09-24,1,0,0,0,0,0,Nazis,firearms
PIAZZA MERCATO NAPOLI 24.09.1943,Piazza Mercato,1943-09-24,1,0,0,1,0,0,Nazis,firearms
SISANDOLI TERZIGNO 24.09.1943,Sisandoli,1943-09-24,2,0,0,0,0,0,Nazis,firearms
"PORTO MARITTIMO, VIESTE, 24.09.1943",Porto marittimo,1943-09-24,6,0,0,3,0,3,Nazis,firearms
CASERMETTE FORLI 25.09.1943,Casermette,1943-09-25,1,0,0,1,0,0,Fascists,shooting
"STAZIONE FS, SPARANISE, 25.09.1943",Stazione FS,1943-09-25,1,0,0,1,0,0,Nazis,shooting
"Fugnette e Capolaforca, Filetto, 25.09.1943",Fugnette e Capolaforca,1943-09-25,1,0,1,0,0,0,Nazis,shooting
"SANTA MARIA VALLE CANNELLA, CERIGNOLA, 25.09.1943",S. Maria Valle Cannella,1943-09-25,11,0,0,11,0,0,Nazis,shooting
IMPOSTA IN BOSCO MARTESE ROCCA SANTA MARIA 25.09.1943,Imposta,1943-09-25,5,0,0,5,0,0,Nazis,blades
ANTANEMUCCIO TORRICELLA SICURA 25.09.1943,Antanemuccio,1943-09-25,1,0,0,1,0,0,Nazis and Fascists,firearms
MONTEDECORA MADDALONI 25.09.1943,Montedecora,1943-09-25,1,0,0,1,0,0,Nazis,firearms
PALUDE SAN TAMMARO 25-27.09.1943,Palude di San Tammaro,1943-09-25,1,0,0,1,0,0,Nazis,firearms
"Ospedale, Roccapiemonte, 25/9/1943",Ospedale,1943-09-25,1,0,0,0,0,0,Nazis,firearms
Arco Felice Pozzuoli 25-9-1943,Arco Felice,1943-09-25,1,0,1,0,0,0,Nazis,firearms
"ASCOLI SATRIANO, 26.09.1943",Ascoli Satriano,1943-09-26,11,2,0,2,0,3,Nazis,shooting
"SAN LARIENZO, VILLA DI BRIANO, 26.09.1943",San Larienzo,1943-09-26,3,0,1,2,0,0,Nazis,shooting
SAN PRISCO 26-27.09.1943,San Prisco,1943-09-26,3,0,2,1,0,0,Nazis,shooting
SELLA CIARELLI VALLE CASTELLANA 26.09.1943,Sella Ciarelli,1943-09-26,5,0,0,4,0,1,Nazis,shooting
"Montecupo, Casagiove, 26/9/1943",Montecupo,1943-09-26,1,0,0,0,1,0,Nazis,firearms
"Località imprecisata, Durazzano, 26/9/1943",Località imprecisata,1943-09-26,1,0,0,1,0,0,Nazis,firearms
"Contrada Ungari, Scafati, 26/9/1943",Contrada Ungari,1943-09-26,1,0,0,0,1,0,Nazis,firearms
"LOCALITÀ FONTANA VECCHIA, CANDELA, 26.09.1943",Località Fontana vecchia,1943-09-26,1,0,0,1,0,0,Nazis,firearms
"CANDELA, 26.09.1943",Candela,1943-09-26,1,0,1,0,0,0,Nazis,firearms
NOLA 29.9.1943,Nola,1943-09-26,2,0,0,2,0,0,Nazis,firearms
"Castel Morrone, 26/09/1943",Castel Morrone,1943-09-26,2,0,0,0,1,0,Nazis,firearms
STRIANO 26.09.1943,Striano,1943-09-26,3,0,0,2,0,0,Nazis,firearms
JAMIANO DOBERDÒ DEL LAGO 26.09.1943,Jamiano,1943-09-26,3,0,0,3,0,0,Nazis,firearms
BOSCO MARTESE ROCCA SANTA MARIA 27.09.1943,Bosco Martese,1943-09-27,1,0,0,1,0,0,Nazis and Fascists,shooting
BOSCO MARTESE ROCCA SANTA MARIA 27.09.1943,Bosco Martese,1943-09-27,1,0,0,1,0,0,Nazis and Fascists,shooting
TREDICI CASERTA 27.09.1943,Tredici,1943-09-27,1,0,0,1,0,0,Nazis,shooting
"Località imprecisata, Carinola, 27/9/1943",Località imprecisata,1943-09-27,1,1,0,0,0,0,Nazis,blades
"Napoli, località imprecisata, 27.09.1943 (2)",Napoli,1943-09-27,1,0,0,1,0,0,Nazis and Fascists,firearms
"Altopiano di Prata, Sarno, 27/9/1943",Altopiano di Prata,1943-09-27,1,0,0,0,0,1,Nazis,firearms
"Stabilimento Cirio, Castellammare di Stabia, 27/9/1943",Stabilimento Cirio,1943-09-27,1,0,0,0,0,0,Nazis,firearms
NESPOLO 27.09.1943,Nespolo,1943-09-27,1,0,0,1,0,0,Nazis,firearms
"Ravenna, 27.09.1943",Ravenna,1943-09-27,1,0,0,0,0,0,Nazis,firearms
CIMITERO TORRE ANNUNZIATA 27.09.1943,Cimitero,1943-09-27,1,0,0,1,0,0,Nazis,firearms
"Napoli, località imprecisata, 27.09.1943",Napoli,1943-09-27,1,0,0,1,0,0,Nazis,firearms
Lucrino Pozzuoli 27-9-1943,Lucrino,1943-09-27,1,0,0,1,0,0,Nazis,firearms
"Prato Lonaro, Lucoli, 27.09.1943","Fonte Orsura di Casamaina, loc. Prato Lonaro",1943-09-27,2,0,0,2,0,0,Nazis,firearms
CARDITELLO SAN TAMMARO 27.09.1943,Carditello,1943-09-27,3,0,0,2,1,0,Nazis,firearms
"Località imprecisata, Giugliano, 27/9/1943-3/10/1943",Località imprecisata,1943-09-27,8,1,0,5,1,0,Nazis,firearms
"Garzano, Caserta, 28/09/1943",Garzano,1943-09-28,7,0,0,1,6,0,Nazis,shooting
Orta di Atella 28-09-1943,Orta di Atella,1943-09-28,2,0,0,0,0,2,Nazis,shooting
FONTE PALUMBO CORTINO 28.09.1943,Fonte Palumbo,1943-09-28,6,0,0,6,0,0,Nazis,blades
Padula di Cortino 28-09-1943,Padula,1943-09-28,1,0,0,0,1,0,Nazis,firearms
"Località imprecisata, San Mango sul Calore, 28/9/1943",Località imprecisata,1943-09-28,1,0,0,1,0,0,Nazis,firearms
"Corso Umberto, Scafati, 28/9/1943",Corso Umberto,1943-09-28,1,0,0,1,0,0,Nazis,firearms
VIA CESARE BATTISTI SCAFATI 28.09.1943,Via Cesare Battisti,1943-09-28,1,0,0,1,0,0,Nazis,firearms
"CONTRADA VALLE PERAZZO, PIETRA MONTECORVINO, 28.09.1943",contrada Valle Perazzo,1943-09-28,1,0,0,0,0,1,Nazis,firearms
"Napoli, località imprecisata, 28.09.1943",Napoli,1943-09-28,1,0,0,1,0,0,Nazis,firearms
"Napoli, località imprecisata, 28.09.1943 (2)",Napoli,1943-09-28,1,0,0,1,0,0,Nazis,firearms
"Napoli, località imprecisata, 28.09.1943 (3)",Napoli,1943-09-28,1,0,0,1,0,0,Nazis,firearms
"Napoli, località imprecisata, 28.09.1943 (4)",Napoli,1943-09-28,1,0,0,0,0,0,Nazis,firearms
"Napoli, località imprecisata, 28.09.1943 (5)",Napoli,1943-09-28,1,0,0,1,0,0,Nazis,firearms
"Napoli, località imprecisata, 28.09.1943 (6)",Napoli,1943-09-28,1,0,0,1,0,0,Nazis,firearms
contrada Percoche Poggiomarino 28-9-1943,contrada Percoche,1943-09-28,1,0,0,1,0,0,Nazis,firearms
VIA FORCELLA NAPOLI 28.09.1943,Via Forcella,1943-09-28,1,0,0,1,0,0,Nazis,firearms
via Bernardo Tanucci Napoli  28-9-1943,via Bernardo Tanucci,1943-09-28,1,0,0,1,0,0,Nazis,firearms
via Gaetano Filangieri Napoli 28-9-1943,via Gaetano Filangieri,1943-09-28,1,0,0,1,0,0,Nazis,firearms
Piazza Carlo III  Napoli  30-09-1943,Piazza Carlo III,1943-09-28,1,0,0,1,0,0,Nazis,firearms
PONTI DELLA VALLE MADDALONI 28.09.1943,Ponti della Valle,1943-09-28,2,0,0,2,0,0,Nazis,firearms
"Piazzale Belvedere , Marano, 28-9-1943",Piazzale Belvedere,1943-09-28,2,0,2,0,0,0,Nazis,firearms
TRE PONTI SCAFATI 28.09.1943,Tre Ponti,1943-09-28,4,0,0,4,0,0,Nazis,firearms
VIA BELVEDERE NAPOLI 28.09.1943,Via Belvedere,1943-09-28,6,0,0,4,1,0,Nazis,firearms
Fondo Maranese Miano 28-9-1943,Fondo Maranese  Miano,1943-09-28,6,0,0,1,5,0,Nazis,firearms
vico Bagnara Napoli 29-9-1943,vico Bagnara,1943-09-29,7,0,0,2,1,0,Nazis,shooting
"Forgioni, Ruviano, 29-30/09/1943",Forgioni,1943-09-29,6,0,0,6,0,0,Nazis,shooting
via Ottaviano Ponticelli Napoli 29-9-1943,via Ottaviano Ponticelli,1943-09-29,30,0,5,20,2,3,Nazis,shooting
"Vicolo Nappi, Scafati, 29/9/1943",Vicolo Nappi,1943-09-29,5,2,0,0,1,0,Nazis,mines
"VERONA, 29.09.1943",Verona,1943-09-29,1,0,0,1,0,0,Fascists,firearms
"Napoli, località imprecisata, 29.09.1943 (11)",Napoli,1943-09-29,1,0,0,1,0,0,Nazis and Fascists,firearms
"Napoli, località imprecisata, 29.09.1943 (5)",Napoli,1943-09-29,1,0,0,1,0,0,Nazis and Fascists,firearms
BOSCO CAMINO SANTA MARIA LA FOSSA 29.09.1943,Bosco Camino,1943-09-29,1,0,0,1,0,0,Nazis,firearms
VILLARICCA 29.09.1943,Villaricca,1943-09-29,1,0,0,0,1,0,Nazis,firearms
caserma “Regina Elena” di Corso Vittorio Emanuele Napoli 29-9-1943,caserma “Regina Elena”,1943-09-29,1,0,0,1,0,0,Nazis,firearms
"Napoli, località imprecisata, 29.09.1943",Napoli,1943-09-29,1,0,0,1,0,0,Nazis,firearms
"Napoli, località imprecisata, 29.09.1943 (2)",Napoli,1943-09-29,1,0,0,1,0,0,Nazis,firearms
"Napoli, località imprecisata, 29.09.1943 (3)",Napoli,1943-09-29,1,0,0,0,0,0,Nazis,firearms
"Napoli, località imprecisata, 29.09.1943 (4)",Napoli,1943-09-29,1,0,0,1,0,0,Nazis,firearms
"Napoli, località imprecisata, 29.09.1943 (6)",Napoli,1943-09-29,1,0,0,0,0,1,Nazis,firearms
"Napoli, località imprecisata, 29.09.1943 (7)",Napoli,1943-09-29,1,0,0,1,0,0,Nazis,firearms
"Napoli, località imprecisata, 29.09.1943 (8)",Napoli,1943-09-29,1,0,0,1,0,0,Nazis,firearms
"Napoli, località imprecisata, 29.09.1943 (9)",Napoli,1943-09-29,1,0,0,1,0,0,Nazis,firearms
"Napoli, località imprecisata, 29.09.1943 (12)",Napoli,1943-09-29,1,0,0,1,0,0,Nazis,firearms
"Napoli, località imprecisata, 29.09.1943 (13)",Napoli,1943-09-29,1,0,0,0,0,0,Nazis,firearms
"Napoli, località imprecisata, 29.09.1943 (14)",Napoli,1943-09-29,1,0,0,1,0,0,Nazis,firearms
"Napoli, località imprecisata, 29.09.1943 (10)",Napoli,1943-09-29,1,0,1,0,0,0,Nazis,firearms
"Napoli, località imprecisata, 29.09.1943 (11)",Napoli,1943-09-29,1,0,1,0,0,0,Nazis,firearms
"Via Truglio, Marano, 29-9-1943",Via Truglio,1943-09-29,1,0,0,0,1,0,Nazis,firearms
CORSO UMBERTO I TORRE ANNUNZIATA 29.09.1943,Corso Umberto I,1943-09-29,1,0,0,1,0,0,Nazis,firearms
cimitero di Poggioreale  Napoli 29-9-1943,cimitero di Poggioreale,1943-09-29,1,0,0,1,0,0,Nazis,firearms
via Gianturco Soccavo  Napoli    29-9-1943,via Gianturco,1943-09-29,1,0,0,1,0,0,Nazis,firearms
Via Santa Maria delle Grazie Capodimonte  Napoli   29-09-1943,Via Santa Maria delle Grazie,1943-09-29,1,0,0,0,1,0,Nazis,firearms
Piazza Capuana  Napoli 29-09-1943,Piazza Capuana,1943-09-29,1,0,0,1,0,0,Nazis,firearms
Piazza Giambattista Vico Napoli 29-9-1943,Piazza Giambattista Vico,1943-09-29,1,0,0,1,0,0,Nazis,firearms
via Scarlatti Napoli 29-9-1943,via Scarlatti,1943-09-29,1,0,0,0,0,0,Nazis,firearms
Corso Vittorio Emanuele Napoli 29-9-1943,Corso Vittorio Emanuele,1943-09-29,1,0,0,1,0,0,Nazis,firearms
via Arenaccia Napoli 29-9-1943,via Arenaccia,1943-09-29,1,0,0,0,1,0,Nazis,firearms
via Vecchia San Rocco a Capodimonte Napoli 29-9-1943,via Vecchia San Rocco a Capodimonte,1943-09-29,1,0,0,1,0,0,Nazis,firearms
Montecalvario Napoli 29-9-1943,Montecalvario,1943-09-29,1,0,0,1,0,0,Nazis,firearms
piazza Ascensione Napoli 29-9-1943,piazza Ascensione,1943-09-29,1,0,0,0,0,0,Nazis,firearms
corso Domenico Riccardi Cercola   29-9-1943,corso Domenico Riccardi,1943-09-29,2,0,0,2,0,0,Nazis,firearms
Tora Grande Napoli    29-9-1943,Tora Grande,1943-09-29,2,0,0,0,1,0,Nazis,firearms
piazza Ruggiero Bonghi Ponticelli Napoli 29-9-1943,piazza Ruggiero Bonghi,1943-09-29,2,0,0,0,0,0,Nazis,firearms
Calata Ferriera a Poggioreale  Napoli 29-9-1943,Calata Ferriera a Poggioreale,1943-09-29,3,0,0,2,1,0,Nazis,firearms
via Case Puntellate 43 Napoli 29-9-1943,via Case Puntellate 43,1943-09-29,4,0,0,0,0,0,Nazis,firearms
Censi dell’Arco Cercola  29-9-1943,Censi dell’Arco,1943-09-29,4,1,0,1,1,1,Nazis,firearms
Cupa Fredda di Pianura  Napoli    29-9-1943,Cupa Fredda,1943-09-29,7,0,0,5,1,1,Nazis,firearms
"Orta di Atella, 30.09.1943",Orta di Atella,1943-09-30,23,0,1,17,4,0,Nazis,shooting
Ponticelli Napoli 30-9-1943,Ponticelli,1943-09-30,25,0,0,24,1,0,Nazis,shooting
PONTI DELLA VALLE MADDALONI 30.09.1943,Ponti della Valle,1943-09-30,1,0,0,1,0,0,Nazis,firearms
"Via Limitone, Giugliano, 1-10-1943",via Limitone,1943-09-30,1,0,0,1,0,0,Nazis,firearms
via Serafino da Vincenzo Guglionesi 30-9-1943,via Serafino da Vincenzo,1943-09-30,1,0,0,1,0,0,Nazis,firearms
via Miliscola Lucrino Pozzuoli  30-9-1943,"via Miliscola, Lucrino",1943-09-30,1,0,0,0,0,0,Nazis,firearms
"Napoli, località imprecisata, 30.09.1943",Napoli,1943-09-30,1,0,0,1,0,0,Nazis,firearms
"Napoli, località imprecisata, 30.09.1943 (2)",Napoli,1943-09-30,1,0,0,1,0,0,Nazis,firearms
"Napoli, località imprecisata, 30.09.1943 (3)",Napoli,1943-09-30,1,0,0,1,0,0,Nazis,firearms
"Napoli, località imprecisata, 30.09.1943 (4)",Napoli,1943-09-30,1,0,0,1,0,0,Nazis,firearms
"Napoli, località imprecisata, 30.09.1943 (5)",Napoli,1943-09-30,1,0,0,1,0,0,Nazis,firearms
"Napoli, località imprecisata, 30.09.1943 (6)",Napoli,1943-09-30,1,0,0,1,0,0,Nazis,firearms
"Napoli, località imprecisata, 30.09.1943 (7)",Napoli,1943-09-30,1,0,0,1,0,0,Nazis,firearms
"Napoli, località imprecisata, 30.09.1943 (8)",Napoli,1943-09-30,1,0,0,1,0,0,Nazis,firearms
CASAVATORE 30.09.1943,Casavatore,1943-09-30,1,0,1,0,0,0,Nazis,firearms
"strada per Casapulla, Casagiove, 30/9/1943",strada per Casapulla,1943-09-30,1,0,0,0,1,0,Nazis,firearms
CONTRADA CARILLI SAN GIUSEPPE VESUVIANO 30.09.1943,Contrada Carilli,1943-09-30,1,0,0,0,1,0,Nazis,firearms
Posillipo Napoli 30-9-1943,Posillipo,1943-09-30,1,0,0,0,1,0,Nazis,firearms
TERZIGNO 30.09.1943,Terzigno,1943-09-30,3,0,0,2,1,0,Nazis,firearms
Real Parco di Capodimonte  Napoli 30-9-1943,Real Parco di Capodimonte,1943-09-30,4,0,1,3,0,0,Nazis,firearms
via Pigna  Napoli 30-9-1943,via Pigna,1943-09-30,6,0,0,5,1,0,Nazis,firearms
"via Case Puntellate 88 Napoli, 30.09.1943",via Case Puntellate 88,1943-09-30,7,0,0,6,0,0,Nazis,firearms
"Piazza Annunziata , Giugliano, 30.09.1943",Piazza Annunziata,1943-09-30,13,0,1,11,1,0,Nazis,firearms
"stazione ferroviaria, Dugenta, ottobre 1943",stazione ferroviaria,1943-10-01,1,0,0,0,0,0,Nazis,shooting
"Stradale Qualiano-Marano, Marano, 1-10-1943",Stradale Qualiano-Marano,1943-10-01,1,0,0,1,0,0,Nazis,shooting
"Gagliano Aterno, 01.10.1943",Gagliano Aterno,1943-10-01,1,0,0,1,0,0,Nazis,shooting
"Palidoro, 1 ottobre 1943",Palidoro,1943-10-01,3,0,0,3,0,0,Nazis,shooting
CITARELLA MUGNANO DI NAPOLI 01.10.1943,Citarella,1943-10-01,4,0,0,4,0,0,Nazis,shooting
ACERRA 01-03.10.1943,Acerra,1943-10-01,84,3,7,37,19,0,Nazis,fire
"SERRACAPRIOLA, 01.10.1943",Serracapriola,1943-10-01,11,0,0,9,2,0,Nazis,mines
"Serripola, San Severino, 01.10.1943",Serripola,1943-10-01,1,0,0,1,0,0,Nazis and Fascists,firearms
"VIA ROMA, TRENTOLA DUCENTA, 01.10.1943",via Roma,1943-10-01,1,0,0,0,1,0,Nazis,firearms
PIGNATARO MAGGIORE 01-18.10.1943,Pignataro Maggiore,1943-10-01,1,0,0,1,0,0,Nazis,firearms
PROPRIETÀ CORTESE MADDALONI 01.10.1943,Proprietà Cortese di Maddaloni,1943-10-01,1,0,0,1,0,0,Nazis,firearms
"Via Roma, Somma Vesuviana, 1-10-1943",Via Roma,1943-10-01,1,0,0,0,1,0,Nazis,firearms
"ALBERONA, 01.10.1943",Alberona,1943-10-01,1,0,0,1,0,0,Nazis,firearms
Sant’Anastasia 1-10-1943,Sant’Anastasia,1943-10-01,1,0,0,0,0,0,Nazis,firearms
MARINA DI CECINA 01.10.1943,Marina di Cecina,1943-10-01,1,0,0,0,0,0,Nazis,firearms
MUGNANO DI NAPOLI 01.10.1943,Mugnano di Napoli,1943-10-01,1,0,0,0,0,0,Nazis,firearms
PIAZZA MERCATO POMIGLIANO D’ARCO 01.10.1943,Piazza Mercato,1943-10-01,1,0,0,0,1,0,Nazis,firearms
SCISCIANO 01.10.1943,Scisciano,1943-10-01,1,0,0,1,0,0,Nazis,firearms
via Stella  Napoli   1-10-1943,via Stella,1943-10-01,1,0,0,1,0,0,Nazis,firearms
Contrada Casamale Somma Vesuviana 1-10-1943,Contrada Casamale,1943-10-01,2,0,0,1,0,0,Nazis,firearms
"Via Merolla, Marano, 1-10-1943",via Merolla,1943-10-01,3,0,1,0,1,0,Nazis,firearms
"contrada Colla, Bellona, ottobre 1943",contrada Colla,1943-10-01,4,0,0,0,0,4,Nazis,firearms
"Montagnella, Camigliano, 1.10.1943",Montagnella,1943-10-01,6,0,1,5,0,0,Nazis,firearms
Napoli 1-10-1943,Napoli,1943-10-01,93,8,5,28,11,6,Nazis,firearms
"Casalnuovo, 02.10.1943",Casalnuovo,1943-10-02,1,0,0,1,0,0,Nazis,shooting
"Pratola Serra, 2/10/1943",Pratola Serra,1943-10-02,10,1,0,2,1,3,Nazis,shooting
PIAZZA RISORGIMENTO AMANDOLA 02.10.1943,Piazza Risorgimento,1943-10-02,1,0,0,1,0,0,Nazis,shooting
FOSSE DEL NATISONE CIVIDALE DEL FRIULI 02.10.1943,Fosse del Natisone,1943-10-02,1,0,0,1,0,0,Nazis,shooting
"Ferranzano, Bellona, 2.10.1943",Ferranzano,1943-10-02,3,0,0,3,0,0,Nazis,shooting
"Grožnjan (Grisignana d'Istria), 02.10.1943",Grožnjan (Grisignana d'Istria),1943-10-02,3,0,0,0,0,0,Nazis,shooting
"Tufillo, 02.10.1943",Tufillo,1943-10-02,4,0,0,2,1,0,Nazis,shooting
"Masseria Lepore, Bellona, 2.10.1943",Masseria Lepore,1943-10-02,6,0,0,4,2,0,Nazis,shooting
"Brgudac (Bergozza), 02.10.1943",Brgudac (Bergozza),1943-10-02,37,0,0,0,0,0,Nazis,shooting
"Località imprecisata, Capua, 2/10/1943",Località imprecisata,1943-10-02,1,0,0,1,0,0,Nazis,blades
"REPUBBLICA DI VARZI, 02-03.10.1944",zona di Varzi,1943-10-02,1,0,0,0,1,0,Fascists,firearms
"Contrada Catone, Vitulazio, 02.10.1943",contrada Catone,1943-10-02,1,0,0,1,0,0,Nazis,firearms
"Santi Giovanni e Paolo, Caiazzo, 2 ottobre 1943",Santi Giovanni e Paolo,1943-10-02,1,0,0,1,0,0,Nazis,firearms
"Località imprecisata, Baselice, 2/10/1943",Località imprecisata,1943-10-02,1,0,0,1,0,0,Nazis,firearms
NOCERA INFERIORE 02.10.1943,Nocera Inferiore,1943-10-02,1,0,0,1,0,0,Nazis,firearms
"San Vito, Itri, 2 ottobre 1943",San Vito,1943-10-02,1,0,0,1,0,0,Nazis,firearms
via Circonvallazione Afragola 2-10-1943,via Circonvallazione,1943-10-02,1,0,0,1,0,0,Nazis,firearms
Contrada Ponte Casolla Cardito 2-10-1943,Contrada Ponte Casolla,1943-10-02,1,0,0,1,0,0,Nazis,firearms
Contrada Lautrach Cardito 2-10-1943,Contrada Lautrach,1943-10-02,1,0,0,1,0,0,Nazis,firearms
"Casalnuovo, 02-10-1943",Casalnuovo,1943-10-02,1,0,0,1,0,0,Nazis,firearms
"Napoli, località imprecisata, 02-11.10.1943",Napoli,1943-10-02,1,0,0,1,0,0,Nazis,firearms
"Napoli, località imprecisata, 02.10.1943",Napoli,1943-10-02,1,0,0,0,1,0,Nazis,firearms
VICO MINGIONE SAN TAMMARO 02.10.1943,Vico Mingione,1943-10-02,1,0,1,0,0,0,Nazis,firearms
PALUDI DI LICOLA POZZUOLI 02.10.1943,Paludi di Licola,1943-10-02,1,0,1,0,0,0,Nazis,firearms
"Borgo Nuovo, S. Stefano Di Sessanio, 02.10.1943",Borgo Nuovo,1943-10-02,1,0,0,1,0,0,Nazis,firearms
Contrada Macello Cardito  2-10-1943,Contrada Macello,1943-10-02,1,0,0,1,0,0,Nazis,firearms
SANT’ANTIMO 02.10.1943,Sant\\'Antimo,1943-10-02,1,0,0,1,0,0,Nazis,firearms
VILLARICCA 02.10.1943,Villaricca,1943-10-02,1,0,0,1,0,0,Nazis,firearms
PIAZZA DEL CAMPO DI CONCENTRAMENTO SERVIGLIANO 02.10.1943,Piazza del Campo di concentramento,1943-10-02,2,0,0,1,0,0,Nazis,firearms
Contrada Murillo Cardito 2-10-1943,Contrada Murillo,1943-10-02,2,0,0,1,1,0,Nazis,firearms
"Schiavi D’Abruzzo, 02.10.1943",Schiavi D’Abruzzo,1943-10-02,2,0,0,0,2,0,Nazis,firearms
MADDALONI 02.10.1943,Maddaloni,1943-10-02,3,0,0,2,0,0,Nazis,firearms
contrada Monte di Cuma Bacoli 2-10-1943,contrada Monte di Cuma,1943-10-02,3,0,1,2,0,0,Nazis,firearms
MASSERIA D AMBRA AFRAGOLA 02.10.1943,masseria D’Ambra,1943-10-02,8,0,0,7,1,0,Nazis,firearms
"Koper (Capodistria), 02.10.1943",Koper (Capodistria),1943-10-02,10,0,0,0,0,0,Nazis,firearms
"Buje (Buie), 02.10.1943",Buje (Buie),1943-10-02,13,0,0,0,0,0,Nazis,firearms
"Costa, Arienzo, 3.10.1943",Costa,1943-10-03,1,0,0,1,0,0,Nazis,shooting
"Palombara, San Felice a Cancello, 3.10.1943",Palombara,1943-10-03,1,0,0,1,0,0,Nazis,shooting
"CONTRADA GAMBATESA, CELENZA VAL FORTORE, 03.10.1943",Contrada Gambatesa,1943-10-03,1,0,0,0,0,1,Nazis,shooting
"Casalnuovo, 03.10.1943",Casalnuovo,1943-10-03,1,0,0,1,0,0,Nazis,shooting
VIA GRILLO MARCIANISE 03.10.1943,Via Grillo di Marcianise,1943-10-03,2,0,0,2,0,0,Nazis,shooting
PARETE 03.10.1943,Parete,1943-10-03,3,1,1,1,0,0,Nazis,shooting
"Lipnik, Koper (Capodistria), 03.10.1943",Lipnik,1943-10-03,12,0,0,0,0,12,Nazis,shooting
"Castello, Fornelli, 04.10.1943",Castello,1943-10-03,6,0,0,4,2,0,Nazis,hanging
"CONTRADA SAN MASSIMO, TEANO, 28.10.1943",Contrada San Massimo,1943-10-03,3,0,0,3,0,0,Nazis,fire
MADDALONI Pellegrino 03.10.1943,Maddaloni (Pellegrino),1943-10-03,1,0,0,0,0,0,Nazis,firearms
MADDALONI 03.10.1943,Maddaloni,1943-10-03,1,0,0,1,0,0,Nazis,firearms
"Località imprecisata, Paolisi, 3/10/1943",Località imprecisata,1943-10-03,1,0,0,1,0,0,Nazis,firearms
"Cardito, 03.10.1943",Cardito,1943-10-03,1,0,0,1,0,0,Nazis,firearms
MARANO 03.10.1943,Località imprecisata,1943-10-03,1,0,1,0,0,0,Nazis,firearms
Roccapipirozzi Sesto Campano 3-10-1943,Roccapipirozzi,1943-10-03,1,0,0,1,0,0,Nazis,firearms
"Paolisi, 03.10.1943",Paolisi,1943-10-03,1,0,0,1,0,0,Nazis,firearms
"Via Miciano, Giugliano, 3/10/1943",Via Miciano,1943-10-03,2,0,0,2,0,0,Nazis,firearms
"Guglionesi, 03.10.1943",Guglionesi,1943-10-03,2,0,0,0,1,0,Nazis,firearms
CAIVANO 03.10.1943,Caivano,1943-10-03,6,1,0,2,2,0,Nazis,firearms
"San Clemente di Caserta, Caserta, 4/10/1943",San Clemente di Caserta,1943-10-04,25,7,1,3,4,0,Nazis,shooting
"Pazin (Pisino), 04.10.1943",Pazin (Pisino),1943-10-04,157,0,0,0,0,0,Nazis,shooting
"Fonte d’Amore, Sulmona 4-10-1943",Fonte d’Amore,1943-10-04,1,0,0,1,0,0,Nazis,shooting
PONTE ANNICHINO SANTA MARIA LA FOSSA 04.10.1943,Ponte Annichino,1943-10-04,2,0,0,2,0,0,Nazis,shooting
VIA GRILLO MARCIANISE 04.10.1943,Via Grillo di Marcianise,1943-10-04,2,0,0,2,0,0,Nazis,shooting
"Cimitero, Giugliano, 4/10/1943",Cimitero,1943-10-04,2,0,0,2,0,0,Nazis,shooting
"Capua, 4/10/1943",Capua,1943-10-04,3,0,0,0,2,0,Nazis,shooting
RAMARRA-PONTEROTTO MARCIANISE 04.10.1943,Ramarra e Ponterotto,1943-10-04,6,0,0,3,2,0,Nazis,shooting
"Nova Vas (Villanova del Quieto), Brtonigla (Verteneglio), 04.10.1943",Nova Vas (Villanova del Quieto),1943-10-04,18,0,0,0,0,0,Nazis,shooting
"San Ferdinando, Alvignano, 4.10.1943",San Ferdinando,1943-10-04,1,0,0,1,0,0,Nazis,firearms
"via Roma, Aversa, 4.10.1943",via Roma,1943-10-04,1,0,0,0,0,0,Nazis,firearms
MADDALONI 04.10.1943,Maddaloni,1943-10-04,1,0,0,1,0,0,Nazis,firearms
MADDALONI Vinciguerra 04.10.1943,Maddaloni,1943-10-04,1,0,0,0,0,0,Nazis,firearms
OSPEDALE CIVILE MADDALONI 04.10.1943,Ospedale civile di Maddaloni,1943-10-04,1,0,0,1,0,0,Nazis,firearms
PETRARO SANT’ANGELO D’ALIFE 04.10.1943,Petraro,1943-10-04,1,0,0,1,0,0,Nazis,firearms
SELVOTTA ROCCA D’EVANDRO 04.10.1943,Selvotta,1943-10-04,1,0,0,1,0,0,Nazis,firearms
"Cancello ed Arnone, 4.10.1943",Località imprecisata,1943-10-04,1,0,0,1,0,0,Nazis,firearms
"Napoli, località imprecisata, 04.10.1943",Napoli,1943-10-04,1,0,0,1,0,0,Nazis,firearms
"Ponte ferroviario, Frignano, 4/10/1943",Ponte ferroviario,1943-10-04,1,1,0,0,0,0,Nazis,firearms
ARZANO 04.10.1943,Arzano,1943-10-04,1,0,1,0,0,0,Nazis,firearms
"Palazzo Auriemma, Capua, 4/10/1943",Palazzo Auriemma,1943-10-04,1,0,0,0,0,1,Nazis,firearms
"Contrada Campanariello- ponte Varcaturo, Giugliano, 4-10-1943",Ponte Varcaturo,1943-10-04,1,0,0,1,0,0,Nazis,firearms
"S.P. GIUGLIANO-PARETE, TRENTOLA DUCENTA, 04.10.1943",S.P. Giugliano-Parete,1943-10-04,2,0,0,1,0,1,Nazis,firearms
VICO ROSARIO SAN TAMMARO 05.10.1943,Vico Rosario,1943-10-05,1,0,1,0,0,0,Nazis,shooting
MONTE TIFATA E BERSAGLIO SAN PRISCO 05.10.1943,Monte Tifata e Bersaglio,1943-10-05,2,0,0,2,0,0,Nazis,shooting
"contrada Purgatorio, Aversa, 5.10.1943",contrada Purgatorio,1943-10-05,2,1,0,1,0,0,Nazis,shooting
"CELENZA VAL FORTORE, 05.10.1943",Celenza Val Fortore,1943-10-05,3,2,0,1,0,0,Nazis,shooting
Ripe di Civitella e Pagliericcio di Villa Lempa di Civitella del Tronto 05-10-1943,Ripe di Civitella e Pagliericcio di Villa Lempa di Civitella del Tronto,1943-10-05,9,0,0,7,0,2,Nazis,shooting
SANTA MARIA CAPUA VETERE 05-07.10.1943,Santa Maria Capua Vetere,1943-10-05,12,0,0,7,1,0,Nazis,shooting
"Località Pagliarello, Capua, 5/10/1943",Località Pagliarello,1943-10-05,1,0,1,0,0,0,Nazis,hanging
Cerqueto e Tre Caciare di Civitella del Tronto 05-10-1943,"Cerqueto, Tre Caciare",1943-10-05,7,0,0,5,2,0,Nazis,blades
"via Caterino, San Cipriano d\\'Aversa",San Cipriano d\\'Aversa,1943-10-05,1,0,0,1,0,0,Nazis,firearms
"Valle Lunga, Baia e Latina, 5.10.1943",Valle Lunga,1943-10-05,1,0,0,1,0,0,Nazis,firearms
"San Lorenzo, Treia, 05.10.1943",San Lorenzo,1943-10-05,1,0,0,1,0,0,Nazis,firearms
VIA VOLTURNO RUVIANO 05.10.1943,Via Volturno di Ruviano,1943-10-05,1,0,0,1,0,0,Nazis,firearms
"San Leucio, Caserta, 5/10/1943",San Leucio,1943-10-05,1,0,0,1,0,0,Nazis,firearms
DESTRA VOLTURNO CAPUA 571071943,destra Volturno,1943-10-05,1,0,0,0,0,1,Nazis,firearms
"via Tifatina, capua, 5/10/1943",via Tifatina,1943-10-05,2,0,0,1,1,0,Nazis,firearms
"Località imprecisata, Castelvenere, 5/10/1943",Località imprecisata,1943-10-05,3,0,0,0,0,3,Nazis,firearms
"INTRA, VERBANIA, 05-17.10.1943",Intra,1943-10-05,4,0,0,2,0,0,Nazis,firearms
"Lanciano, 5-6.10.1943",Lanciano,1943-10-05,12,0,0,7,3,0,Nazis,firearms
"Masseria De Rienzo, Capua, 5/10/1943",Masseria De Rienzo,1943-10-05,12,0,0,4,3,5,Nazis,firearms
"Località imprecisata, Dugenta, 6/10/1943",Località imprecisata,1943-10-06,1,0,0,0,0,0,Nazis,shooting
ARIANOVA PIGNATARO MAGGIORE 06-18.10.1943,Arianova,1943-10-06,1,0,0,1,0,0,Nazis,shooting
"cava di Bellona, 07.10.1943",Bellona,1943-10-06,54,0,4,42,3,5,Nazis,shooting
CASI TEANO 06.10.1943,Casi,1943-10-06,1,0,0,1,0,0,Nazis,blades
MARANO 06.10.1943,Località imprecisata,1943-10-06,1,0,0,1,0,0,Nazis,firearms
"Napoli, località imprecisata, 06.10.1943",Napoli,1943-10-06,1,0,0,0,0,0,Nazis,firearms
Casali Pietracatella 6-10-1943,Casali,1943-10-06,1,0,0,0,1,0,Nazis,firearms
"Qualiano, 06.10.1943",Qualiano,1943-10-06,2,0,0,2,0,0,Nazis,firearms
"Località imprecisata, Limatola, 6/10/1943",Località imprecisata,1943-10-06,3,0,0,0,0,3,Nazis,firearms
"Capua, 6/10/1943",Capua,1943-10-06,3,0,0,2,0,0,Nazis,firearms
"Limatola, 06.10.1943",Limatola,1943-10-06,3,0,0,0,0,3,Nazis,firearms
"Via Cusani, Solopaca, 7/10/1943",Via Cusani,1943-10-07,2,0,0,0,0,2,Nazis,shooting
"Kresina, Žminj (Gimino), 07.10.1943",Kresina,1943-10-07,58,0,0,0,0,0,Nazis,shooting
SAN TAMMARO 07.10.1943,San Tammaro,1943-10-07,1,0,0,1,0,0,Nazis,shooting
Poste Centrali di Napoli   7-10-1943,Poste Centrali,1943-10-07,30,1,0,3,0,5,Nazis,mines
GURVO PIETRAMELARA 07.10.1943,Gurvo,1943-10-07,1,0,0,1,0,0,Nazis,firearms
MASSERIA LIMATELLE MARZANO APPIO 27.10.1943,Masseria Limatelle,1943-10-07,1,0,0,1,0,0,Nazis,firearms
VICO TESTA PIGNATARO MAGGIORE 07.10.1943,Vico Testa,1943-10-07,1,0,0,0,0,0,Nazis,firearms
"contrada Campestre, Castel di Sasso, 7/10/1943",contrada Campestre,1943-10-07,1,0,0,0,1,0,Nazis,firearms
Ponte Rotto Colli a Volturno 8-10-1943,Ponte Rotto,1943-10-07,1,0,0,1,0,0,Nazis,firearms
"Napoli, località imprecisata, 07.10.1943",Napoli,1943-10-07,1,0,0,0,0,0,Nazis,firearms
"Capua, 7/10/1943",Capua,1943-10-07,5,0,1,2,1,1,Nazis,firearms
CORSO VITTORIO EMANUELE MONDRAGONE 08-09.10.1943,Corso Vittorio Emanuele di Mondragone,1943-10-08,1,0,0,0,1,0,Nazis,firearms
"Porta Vetere, Caiazzo, 8.10.1943",Porta Vetere,1943-10-08,1,0,0,0,0,0,Nazis,firearms
"Prisconte, Castel Volturno, 8/10/1943",Prisconte,1943-10-08,1,0,0,1,0,0,Nazis,firearms
CASTELLO RIARDO 08.10.1943,Castello,1943-10-08,1,0,1,0,0,0,Nazis,firearms
"Masseria Don Titta, Caiazzo, 08.10.1943",Masseria Don Titta,1943-10-08,1,0,0,0,1,0,Nazis,firearms
Salambati 09.10.1943,Salambati,1943-10-09,31,0,0,0,0,0,Nazis,shooting
Rovinj (Rovigno) 09.10.1943,Rovinj (Rovigno),1943-10-09,33,0,0,0,0,0,Nazis,shooting
"via Trieste, Alvignano, 09.10.1943",Alvignano,1943-10-09,1,0,0,1,0,0,Nazis,firearms
SAN BIAGIO MONDRAGONE 09.10.1943,San Biagio,1943-10-09,1,0,0,1,0,0,Nazis,firearms
"Strangolagalli, Castel di Sasso, 9/10/1943",Strangolagalli,1943-10-09,1,0,0,1,0,0,Nazis,firearms
"Paravisiello, Caiazzo, 09.10.1943",Paravisiello,1943-10-09,1,0,0,1,0,0,Nazis,firearms
"Napoli, località imprecisata, 09.10.1943",Napoli,1943-10-09,2,0,0,1,0,1,Nazis,firearms
"Foresta, Castelvenere, 9/10/1943",Foresta,1943-10-09,3,0,0,3,0,0,Nazis,firearms
Fosse del Natisone Cividale 10-10-1943,Fosse del Natisone,1943-10-10,1,0,0,1,0,0,Nazis,shooting
"ORSARIA, PREMARIACCO, 10.10.1943",Orsaria,1943-10-10,2,0,0,2,0,0,Nazis,shooting
"Piazza Umberto I, Nettuno, 10 ottobre 1943","Piazza Umberto I, Nettuno",1943-10-10,2,0,0,2,0,0,Nazis,shooting
"Municipio, Castel Volturno, 10/3/1943",Castel Volturno,1943-10-10,4,0,1,2,1,0,Nazis,shooting
CAMPAGNOLA E TUOROFUNARO MARZANO APPIO 10.10.1943,Campagnola e Tuorofunaro,1943-10-10,7,0,0,3,4,0,Nazis,shooting
"Vabriga (Abrega), Tor-Vabriga (Torre Abrega), 10.10.1943",Vabriga (Abrega),1943-10-10,12,0,0,0,0,0,Nazis,shooting
"contrada Marano, San Bartolomeo in Galdo, 10/10/1943",contrada Marano,1943-10-10,1,0,0,0,0,0,Nazis,fire
PIETRAVAIRANO 10.10.1943,Pietravairano,1943-10-10,1,0,0,0,0,0,Nazis,blades
SAN SEBASTIANO MONDRAGONE 10.10.1943,San Sebastiano,1943-10-10,2,0,0,2,0,0,Nazis,blades
CORSO UMBERTO MONDRAGONE 10.10.1943,Corso Umberto di Mondragone,1943-10-10,1,0,0,1,0,0,Nazis,firearms
MASSERIA TAGLIALATELA MONDRAGONE 10-15.10.1943,Masseria Taglialatela,1943-10-10,1,0,0,0,1,0,Nazis,firearms
"Vitulazio,10.10.1943",Vitulazio,1943-10-10,1,0,0,0,1,0,Nazis,firearms
"via Ruggiero, Vitulazio, 10.10.1943",Vitulazio,1943-10-10,1,0,1,0,0,0,Nazis,firearms
"Località imprecisata, Cerreto Sannita, 10/10/1943",Località imprecisata,1943-10-10,1,0,0,0,1,0,Nazis,firearms
"RICCIONE, 10.10.1943",Riccione,1943-10-10,1,0,0,1,0,0,Nazis,firearms
"contrada Cameralunga, Caiazzo, 10.10.1943",contrada Cameralunga,1943-10-10,1,0,0,1,0,0,Nazis,firearms
"VIA DE RENZIS, SPARANISE,10.10.1943",Via De Renzis,1943-10-10,3,0,1,1,0,0,Nazis,firearms
FORTE BRAVETTA ROMA 11.10.1943,Forte Bravetta,1943-10-11,6,0,0,6,0,0,Fascists,shooting
Casacalenda Campobasso 11-10-1943,Casacalenda,1943-10-11,1,0,0,1,0,0,Nazis,firearms
"Lautoni, Formicola, 11/10/1943",Lautoni,1943-10-11,1,0,0,0,0,0,Nazis,firearms
"Roccaspinalveti, 11-10-1943",Roccaspinalveti,1943-10-11,1,0,0,0,1,0,Nazis,firearms
"Piazzale della Vittoria (ora Viale Mazzini), Sulmona 11-10-1943",Piazzale della Vittoria,1943-10-11,2,1,0,0,0,0,Nazis,firearms
"Strmec, Bovec, 11.10.1943",Strmec,1943-10-11,16,0,0,0,0,16,Nazis,firearms
MASSERIA CARCERARI PIGNATARO MAGGIORE 12.10.1943,Masseria Carcerari,1943-10-12,1,0,0,1,0,0,Nazis,shooting
"FONTANELLE, TEANO, 22.10.1943",Fontanelle,1943-10-12,4,0,0,3,0,0,Nazis,shooting
Piazza Umberto I di Pignataro Maggiore 12-10-1943,Piazza Umberto I di Pignataro Maggiore,1943-10-12,1,0,0,0,1,0,Nazis,blades
"via Diaz, Alvignano, 12.10.1943",Alvignano,1943-10-12,1,0,0,0,0,0,Nazis,firearms
"SCALO FERROVIARIO, TEANO, 12.10.1943",Scalo ferroviario,1943-10-12,1,0,0,1,0,0,Nazis,firearms
"Masseria Milano, Caiazzo, 12.10.1943",Masseria Milano,1943-10-12,1,0,0,1,0,0,Nazis,firearms
"Scafa Patierno, Caiazzo, 12.10.1943",Scafa Patierno,1943-10-12,1,0,0,0,1,0,Nazis,firearms
"Cervara, 12 ottobre 1943",Cervara,1943-10-12,1,0,0,1,0,0,Nazis,firearms
"Monte Carmignano, Caiazzo, 12.10.1943",Monte Carmignano,1943-10-12,1,0,0,0,1,0,Nazis,firearms
PIETRAVAIRANO 12.10.1943,Pietravairano,1943-10-12,2,0,0,0,1,0,Nazis,firearms
TAVERNA PIGNATARO MAGGIORE 12.10.1943,Taverna,1943-10-12,3,0,0,2,1,0,Nazis,firearms
CIMITERO PIGNATARO MAGGIORE 12.10.1943,Cimitero di Pignataro Maggiore,1943-10-12,5,1,0,0,0,3,Nazis,firearms
Tavenna 13-10-1943,Tavenna,1943-10-13,2,0,0,2,0,0,Nazis,shooting
"Marruchella, Castel Campagnano, 13/10/1943",Marruchella,1943-10-13,5,0,0,2,3,0,Nazis,shooting
"Monte Carmignano, Caiazzo, 13.10.1943",Monte Carmignano,1943-10-13,22,1,3,5,0,0,Nazis,shooting
"piazza Umberto I, Bellona, 13.10.1943",Bellona,1943-10-13,1,0,0,1,0,0,Nazis,firearms
LOCALITA IMPRECISATA CASTEL DI SASSO 13.10.1943,Località imprecisata,1943-10-13,1,0,0,0,1,0,Nazis,firearms
BURACCIO PORTOFERRAIO 13.10.1943,Buraccio,1943-10-13,1,0,0,1,0,0,Nazis,firearms
"contrada Morrione di Montaniccio, Alvignano, 13/10/1943",contrada Morrione di Montaniccio,1943-10-13,1,0,0,0,1,0,Nazis,firearms
"via Pietralata, Alvignano, 13/10/1943",via Pietralata,1943-10-13,1,0,0,0,1,0,Nazis,firearms
Vallegorda Fornelli 13-10-1943,Vallegorda,1943-10-13,1,0,0,0,0,1,Nazis,firearms
"Contrada Fruscio, Caiazzo, 13.10.1943",Contrada Fruscio,1943-10-13,2,0,1,1,0,0,Nazis,firearms
"località Mazzamauro, Alvignano, 13/10/1943",località Mazzamauro,1943-10-13,2,0,0,0,0,0,Nazis,firearms
"Villa Ortensia, Alvignano, 13/10/1943",Villa Ortensia,1943-10-13,2,0,0,0,1,1,Nazis,firearms
Fontanelle Pescara 13-10-1943,Fontanelle,1943-10-13,3,0,0,3,0,0,Nazis,firearms
"Odi, Faicchio, 13/10/1943",Odi,1943-10-13,4,0,1,3,0,0,Nazis,firearms
Fosso Casale	Cugnoli 13-10-1943,Fosso Casale,1943-10-13,5,0,0,5,0,0,Nazis,firearms
ARIANOVA PIGNATARO MAGGIORE 14-18.10.1943,Arianova,1943-10-14,10,0,2,2,1,5,Nazis,shooting
FONDO SANTA MARIA MONDRAGONE 14.10.1943,Fondo Santa Maria,1943-10-14,2,0,0,0,0,0,Nazis,blades
PIENTIMA DI CORIGLIANO SESSA AURUNCA 14.10.1943,Pientima di Corigliano,1943-10-14,1,0,0,1,0,0,Nazis,firearms
"località Caselle di Compuosto, Alvignano, 14/10/1943",località Caselle di Compuosto,1943-10-14,1,0,0,0,1,0,Nazis,firearms
"località Cese di Montaniccio, Alvignano, 14/10/1943",località Cese di Montaniccio,1943-10-14,1,0,0,1,0,0,Nazis,firearms
"contrada Tarallo, Vitulazio, 14.10.1943",contrada Tarallo,1943-10-14,2,0,0,1,1,0,Nazis,firearms
"Montanaro, Francolise, 15-20/10/1943",Montanaro,1943-10-15,3,0,0,2,1,0,Nazis,shooting
"contrada Acquara, Amorosi, 15/10/1943",contrada Acquara,1943-10-15,4,0,0,0,0,4,Nazis,shooting
"Ponte delle Monache, Camigliano, 15.10.1943",Ponte delle Monache,1943-10-15,1,0,0,1,0,0,Nazis,firearms
"contrada Pastora, Bellona, 15.10.1943",contrada Pastora,1943-10-15,1,0,0,1,0,0,Nazis,firearms
"Masseria Fondillo, Bellona, 15.10.1943",Masseria Fondillo,1943-10-15,1,0,0,1,0,0,Nazis,firearms
"contrada Chianelle, Bellona, 15.10.1943",contrada Chianelle,1943-10-15,1,0,0,1,0,0,Nazis,firearms
"Colicella, Vitulazio, 15.10.1943",Colicella,1943-10-15,1,0,0,1,0,0,Nazis,firearms
"piazza Riccardo II, Vitulazio, 15.10.1943",piazza Riccardo II,1943-10-15,1,0,0,0,1,0,Nazis,firearms
"località imprecisata, Alvignano, 15/10/1943",località imprecisata,1943-10-15,1,0,0,1,0,0,Nazis,firearms
"Trivio, 15 ottobre 1943",Trivio,1943-10-15,2,0,0,0,0,2,Nazis,firearms
FELCI RUVIANO 15.10.1943,Felci,1943-10-15,3,0,0,0,2,0,Nazis,firearms
"via Cappella, Formicola, 15/10/1943",Formicola,1943-10-15,3,0,0,2,0,0,Nazis,firearms
"piazza Umberto I, Bellona, 15.10.1943",piazza Umberto I,1943-10-15,3,0,0,1,2,0,Nazis,firearms
"Monte Friento, Castel di Sasso, 15/10/1943",Monte Friento,1943-10-15,3,0,0,3,0,0,Nazis,firearms
"Villa,	Liberi, 16/10/1943",Villa,1943-10-16,3,1,1,0,0,0,Nazis,mines
"Castiglione Messer Marino, 16/10/1943",Castiglione Messer Marino,1943-10-16,0,0,0,0,0,0,Nazis,blades
CESENA 16.10.1943,Cesena,1943-10-16,1,0,0,1,0,0,Fascists,firearms
"Cicirinello, Alife",Cicirinello,1943-10-16,1,0,0,1,0,0,Nazis,firearms
"Case sparse, Liberi, 16/10/1943",Case sparse,1943-10-16,1,0,0,0,0,0,Nazis,firearms
"Briccio, Liberi, 16/10/1943",Briccio,1943-10-16,1,0,0,1,0,0,Nazis,firearms
LENTELLA 16.10.1943,Lentella,1943-10-16,1,0,0,0,0,0,Nazis,firearms
"corso Umberto I, Alvignano, 16/10/1943",corso Umberto I,1943-10-16,1,0,0,1,0,0,Nazis,firearms
"Celenza sul Trigno, 16.10.1943",Celenza sul Trigno,1943-10-16,1,0,0,1,0,0,Nazis,firearms
"Grotta dei Palombari, Calvi Risorta, 16.10.1943",Calvi Risorta,1943-10-16,2,0,0,2,0,0,Nazis,firearms
"Piani d\\'Erna, Lecco, 16-20.10.1943",Piani d\\'Erna,1943-10-16,7,0,0,7,0,0,Nazis,firearms
"CAVA, TORA E PICILLI, 17.11.1943",Cava,1943-10-17,1,0,0,1,0,0,Nazis,firearms
CROCELLE RUVIANO 17.10.1943,Crocelle,1943-10-17,1,0,0,1,0,0,Nazis,firearms
SANTA MARIA RUVIANO 17.10.1943,Santa Maria,1943-10-17,1,0,0,1,0,0,Nazis,firearms
STARZA DI RIARDO PIETRAMELARA 17.10.1943,Starza di Riardo,1943-10-17,1,0,0,1,0,0,Nazis,firearms
VIA CALVI PIGNATARO MAGGIORE 17.10.1943,Via Calvi di Pignataro Maggiore,1943-10-17,1,0,0,0,1,0,Nazis,firearms
"Petrulo, Calvi Risorta, 17.10.1943",Petrulo,1943-10-17,1,0,0,1,0,0,Nazis,firearms
"Spatolare, Liberi, 17/10/1943",Spatolare,1943-10-17,1,0,0,0,1,0,Nazis,firearms
"località Traiano, Alvignano, 17/10/1943",località Traiano,1943-10-17,1,0,0,0,0,0,Nazis,firearms
"Maranola, Formia, 17 ottobre 1943",Maranola,1943-10-17,1,0,0,1,0,0,Nazis,firearms
"località Miglioventicinque, Alvignano, 17/10/1943",località Miglioventicinque,1943-10-17,1,0,0,1,0,0,Nazis,firearms
"località Valle Satrullo, Alvignano, 17/10/1943",località Valle Satrullo,1943-10-17,1,0,0,0,0,0,Nazis,firearms
"Atessa, 17.10.1943",Atessa,1943-10-17,1,0,0,0,1,0,Nazis,firearms
"Chiesa San Simeone, Camigliano, 17.10.1943",Chiesa San Simeone,1943-10-17,1,0,0,0,0,0,Nazis,firearms
corso Vittorio Emanuele Frosolone 17-10-1943,corso Vittorio Emanuele,1943-10-17,2,0,0,1,1,0,Nazis,firearms
"Majorano di Monte, Dragoni, 17/10/1943",Majorano di Monte,1943-10-17,2,1,0,1,0,0,Nazis,firearms
"Monticello, Camigliano, 17.10.1943",Monticello,1943-10-17,2,0,0,2,0,0,Nazis,firearms
"contrada Tutuni, Bellona, 17.10.1943",contrada Tutuni,1943-10-17,3,0,2,1,0,0,Nazis,firearms
"Lupara, Montazzoli, 18.10.1943",Lupara,1943-10-18,1,0,0,1,0,0,Nazis and Fascists,shooting
Caira Cassino 18-10-1943,Caira,1943-10-18,2,0,0,0,1,1,Nazis,shooting
"contrada Campetelle, Baia e Latina, 18.10.1943",contrada Campetelle,1943-10-18,1,0,0,1,0,0,Nazis,firearms
MONTE MAGGIORE ROCCHETTA E CROCE 18.10.1943,Monte Maggiore,1943-10-18,1,0,0,1,0,0,Nazis,firearms
POMARO PIETRAMELARA 18.10.1943,Pomaro,1943-10-18,1,0,0,1,0,0,Nazis,firearms
"Cantaferro, Baia e Latina, 18.10.1943",Cantaferro,1943-10-18,1,0,0,0,1,0,Nazis,firearms
"contrada Valle, Baia e Latina, 18.10.1943",contrada Valle,1943-10-18,1,0,0,1,0,0,Nazis,firearms
"San Ferdinando, Alvignano, 18.10.1943",San Ferdinando,1943-10-18,4,0,0,3,1,0,Nazis,firearms
"LECCO, 19.10.1943",Lecco,1943-10-19,2,0,0,2,0,0,Nazis and Fascists,shooting
Agnia di Ausonia del 19-10-1943,Agnia,1943-10-19,1,0,0,1,0,0,Nazis,shooting
"COSTA PELATA, VALLE AGRICOLA, 19.10.1943",Costa Pelata,1943-10-19,1,0,0,1,0,0,Nazis,firearms
CERASELLE PIETRAMELARA 19.10.1943,Ceraselle,1943-10-19,1,0,0,1,0,0,Nazis,firearms
CORSO UMBERTO MONDRAGONE 19.10.1943,Corso Umberto di Mondragone,1943-10-19,1,0,0,1,0,0,Nazis,firearms
PONTE DI SESSA AURUNCA 19.10.1943,Ponte di Sessa,1943-10-19,1,0,0,1,0,0,Nazis,firearms
STERTELLA ROCCHETTA E CROCE 19.10.1943,Stertella,1943-10-19,1,0,0,1,0,0,Nazis,firearms
"via crocetta, Baia e Latina, 19.10.1943",Baia e Latina,1943-10-19,1,0,0,0,1,0,Nazis,firearms
"Pesaro, 19.10.1943",Pesaro,1943-10-19,1,1,0,0,0,0,Nazis,firearms
"Torricella Peligna, 19-10-1943",Torricella Peligna,1943-10-19,1,0,0,1,0,0,Nazis,firearms
contrada Valduno Lupara 19-10-1943,contrada Valduno,1943-10-19,1,0,0,0,1,0,Nazis,firearms
"CANDELA, 20.10.1943",Candela,1943-10-20,1,0,0,0,0,1,Nazis,shooting
FORTE BRAVETTA ROMA 20.10.1943,Forte Bravetta,1943-10-20,1,0,0,1,0,0,Nazis,shooting
"Visciano, Calvi Risorta, 20.10.1943",Visciano,1943-10-20,3,0,0,0,0,3,Nazis,shooting
"Petrulo, Calvi Risorta, 20.10.1943",Petrulo,1943-10-20,3,0,0,3,0,0,Nazis,shooting
"Piazzale del cimitero, Sulmona   20-10-1943",Piazzale del cimitero,1943-10-20,4,0,0,2,2,0,Nazis,shooting
"Ortaglie, Rapino, 20.10.1943",Ortaglie,1943-10-20,1,0,0,0,1,0,Nazis,firearms
"Pagliarone, Baia e Latina, 20.10.1943",Pagliarone,1943-10-20,1,0,1,0,0,0,Nazis,firearms
"Scarasciano, Francolise, 20/10/1943",Scarasciano,1943-10-20,1,0,1,0,0,0,Nazis,firearms
"Nocelleto, Carinola, 20/10/1943",Nocellato,1943-10-20,1,0,0,1,0,0,Nazis,firearms
San Onofrio Lucito 20-10-1943,San Onofrio,1943-10-20,1,0,0,1,0,0,Nazis,firearms
"VIGEVANO, 21.10.1943",Vigevano,1943-10-21,1,0,0,1,0,0,Nazis and Fascists,shooting
CÒRSOLE MONDRAGONE 21-23.10.1943,Còrsole,1943-10-21,7,0,0,6,1,0,Nazis,shooting
Piazza Roma Belmonte Castello 21-10-1943,Piazza Roma,1943-10-21,1,0,0,0,1,0,Nazis,hanging
CHIAIA SESSA AURUNCA 21.10.1943,Chiaia,1943-10-21,1,0,0,1,0,0,Nazis,firearms
"Pagliarone, Baia e Latina, 21.10.1943",Pagliarone,1943-10-21,1,0,0,0,1,0,Nazis,firearms
SELVOZZA RUVIANO 21.10.1943,Selvozza,1943-10-21,1,0,1,0,0,0,Nazis,firearms
SANT’ANGELO D’ALIFE 21.10.1943,Sant\\'Angelo d\\'Alife,1943-10-21,2,0,0,1,0,0,Nazis,firearms
MONTE MAGGIORE PIETRAMELARA 21.10.1943,Monte Maggiore,1943-10-21,2,0,1,0,0,1,Nazis,firearms
contrada Valle dei Russi Lupara  21-10-1943,contrada Valle dei Russi,1943-10-21,2,0,0,0,2,0,Nazis,firearms
"CONTRADA MONACA E VIA DE RENZIS, SPARANISE, 22.10.1943",contrada Monaca e Via De Renzis,1943-10-22,34,2,1,13,7,2,Nazis,shooting
VITAGGIARO RAVISCANINA 22.10.1943,Vitaggiaro,1943-10-22,1,0,0,1,0,0,Nazis,firearms
"San Canziano, Paglieta, 22.10.1943",San Canziano,1943-10-22,1,0,0,1,0,0,Nazis,firearms
"Costa Fievo o Valle Lunga, Baia e Latina, 22.10.1943",Costa Fievo,1943-10-22,2,0,0,2,0,0,Nazis,firearms
FORTE BRAVETTA ROMA 23.10.1943,Forte Bravetta,1943-10-23,1,0,0,1,0,0,Nazis,shooting
"VIA BELVEDERE, VAIRANO PATENORA, 23.10.1943",via Belvedere,1943-10-23,1,0,0,1,0,0,Nazis,firearms
"Cupello, 23-10-1943",Cupello,1943-10-23,1,0,0,1,0,0,Nazis,firearms
"Fonte D\\'amore, Sulmona 23-10-1943",Fonte D\\'amore,1943-10-23,1,0,0,1,0,0,Nazis,firearms
Lama dei Peligni 23-10-1943,Lama dei Peligni,1943-10-23,1,0,0,0,0,1,Nazis,firearms
"Pietralata, 23 ottobre 1943",Pietralata,1943-10-23,10,0,0,10,0,0,Nazis,firearms
"Madonna dei Pasteni, Francolise, 24/10/1943",Madonna dei Pasteni,1943-10-24,1,0,0,1,0,0,Nazis,blades
"Massa Lombarda, 24.10.1943",Massa Lombarda,1943-10-24,1,0,0,0,1,0,Fascists,firearms
Alife,Alife,1943-10-24,1,0,0,1,0,0,Nazis,firearms
"PERDONELLE, VALLE AGRICOLA, 24.10.1943",Perdonelle,1943-10-24,1,0,0,1,0,0,Nazis,firearms
SANT’ELENA PIETRAVAIRANO 24.10.1943,Sant\\'Elena,1943-10-24,1,0,0,1,0,0,Nazis,firearms
MONDRAGONE 25-26.10.1943,Mondragone,1943-10-25,14,0,0,14,0,0,Nazis,shooting
LORENTANO SANTA FIORA 25.10.1943,Lorentano,1943-10-25,1,0,0,1,0,0,Fascists,firearms
"Visciano, Calvi Risorta, 25.10.1943",Visciano,1943-10-25,1,0,0,0,1,0,Nazis,firearms
"Guadagnolo, Capranica, 25 ottobre 1943",Guadagnolo,1943-10-25,1,0,0,1,0,0,Nazis,firearms
"Lavatoio, Montelanico, 25 ottobre 1943",Lavatoio,1943-10-25,1,0,0,1,0,0,Nazis,firearms
"Aia Grande, San Polo dei Cavalieri, 25 ottobre 1943",Aia Grande,1943-10-25,1,0,0,1,0,0,Nazis,firearms
"Casone-Valle Rapini, Civitella Alfedena, 25-26.10.1943",Casone-Valle Rapini,1943-10-25,1,0,0,1,0,0,Nazis,firearms
"Fontana Calena, Francolise, 25/10/1943",Fontana Calena,1943-10-25,1,0,0,1,0,0,Nazis,firearms
"TEANO, 25.10.1943",Teano,1943-10-25,7,0,0,4,0,0,Nazis,firearms
"Pontecastello, Letino, 26/10/1943",Pontecastello,1943-10-26,4,0,1,3,0,0,Nazis,shooting
"Francavilla al Mare, 26.10.1943",Francavilla al Mare,1943-10-26,1,0,0,1,0,0,Nazis,firearms
"San Domenico, Fontegreca, 26/10/1943",San Domenico,1943-10-26,1,0,0,1,0,0,Nazis,firearms
DOGLIOLA 26.10.1943,Dogliola,1943-10-26,2,0,0,2,0,0,Nazis,firearms
"Casa Murata, Ailano",Casa Murata,1943-10-27,1,0,0,1,0,0,Nazis,shooting
"Mentana, 27 ottobre 1943",Mentana,1943-10-27,6,0,0,5,1,0,Nazis,blades
"LOCALITÀ BOSCO ZINGARI, TORA E PICCILLI, 01.11.1943",Località Bosco Zingari,1943-10-27,1,0,0,1,0,0,Nazis,firearms
FONTANA PIETRAVAIRANO 27.10.1943,Fontana,1943-10-27,1,0,0,1,0,0,Nazis,firearms
"Corso Garibaldi, Zagarolo, 27 ottobre 1943",Corso Garibaldi,1943-10-27,1,0,0,0,0,0,Nazis,firearms
SANTA BARBARA CHIETI 27.10.1943,S. Barbara,1943-10-27,1,0,0,1,0,0,Nazis,firearms
RIPA ALTA MIGNANO MONTE LUNGO 27.10.1943,Ripa Alta,1943-10-27,1,0,1,0,0,0,Nazis,firearms
"Località imprecisata, Carinola, 27/10/1943",Località imprecisata,1943-10-27,1,0,0,0,0,0,Nazis,firearms
"Contrada Piana, Telese Terme, 27/10/1943",Contrada Piana,1943-10-27,1,0,0,0,0,0,Nazis,firearms
CERASELLE RIARDO 27.10.1943,Ceraselle,1943-10-27,2,0,0,2,0,0,Nazis,firearms
"Aorivola, Caianello, 28.10.1943",Aorivola,1943-10-28,1,0,0,1,0,0,Nazis,shooting
CIMITERO MONDRAGONE 28.10.1943,Cimitero di Mondragone,1943-10-28,4,1,0,3,0,0,Nazis,shooting
CEMENTARA MONDRAGONE 28.10.1943,Cementara,1943-10-28,17,0,3,13,1,0,Nazis,shooting
CROCE CALVARIO PRATA SANNITA 28-30.10.1943,Croce Calvario,1943-10-28,1,0,0,1,0,0,Nazis,firearms
VIA SOPRA SAN GIUSEPPE PIETRAVAIRANO 28.10.1943,Via Sopra San Giuseppe,1943-10-28,1,0,0,0,1,0,Nazis,firearms
"Località imprecisata, Carinola, 28 ottobre 1943",Località imprecisata,1943-10-28,1,0,0,1,0,0,Nazis,firearms
"Fresagrandinaria, 28.10.1943",Fresagrandinaria,1943-10-28,1,0,0,1,0,0,Nazis,firearms
BETTOLA 28.10.1943,Bettola,1943-10-28,1,0,0,1,0,0,Nazis,firearms
CONVENTO PRATA SANNITA 28.10.1943,Convento di Prata Sannita,1943-10-28,2,0,0,1,1,0,Nazis,firearms
"TEANO, 28-30.10.1943",Teano,1943-10-28,7,0,0,5,2,0,Nazis,firearms
Borgo San Giacomo di Campoli Appenino 29-10-1943,Borgo San Giacomo,1943-10-29,1,0,0,0,0,1,Nazis,shooting
"MASSERIA PESCHE, TORA E PICCILLI, 29.10.1943",Masseria Pesche,1943-10-29,2,0,0,1,1,0,Nazis,shooting
Contrada Fornace San Pietro Avellana 29-10-1943,Contrada Fornace,1943-10-29,2,0,0,2,0,0,Nazis,shooting
VADOPIANO PRESENZANO 29.10.1943,Vadopiano,1943-10-29,3,0,0,2,1,0,Nazis,shooting
"Località imprecisata, Gallo Matese, 29/10/1943",Località imprecisata,1943-10-29,1,0,0,1,0,0,Nazis,firearms
Contrada Acquara Castel San Vincenzo 29-10-1943,Contrada Acquara,1943-10-29,1,0,0,1,0,0,Nazis,firearms
VIA FRATTE MIGNANO MONTE LUNGO 29-30.10.1943,Via Fratte di Mignano Monte Lungo,1943-10-29,1,1,0,0,0,0,Nazis,firearms
FOSSO RICCIO MONDRAGONE 29.10.1943,Fosso Riccio,1943-10-29,4,0,0,3,0,0,Nazis,firearms
"Blera (Bieda), 29 ottobre 1943",Piano Gagliardo,1943-10-29,14,0,0,0,0,14,Nazis,firearms
"CONTRADA MARCONE, VAIRANO PATENORA, 30.10.1943",contrada Marcone,1943-10-30,1,0,0,1,0,0,Nazis,shooting
San Bonifacio 30-31.10.1943,San Bonifacio,1943-10-30,2,0,0,2,0,0,Nazis,shooting
"VIA SS. GIACOMO E FILIPPO, TORA E PICCILLI, 30.10.1943",Via SS. Giacomo e Filippo,1943-10-30,1,0,0,0,0,0,Nazis,firearms
Corfinio 30-10-1943,Corfinio,1943-10-30,1,0,0,1,0,0,Nazis,firearms
"Celenza sul Trigno, 30.10.1943",Celenza sul Trigno,1943-10-30,1,0,0,1,0,0,Nazis,firearms
Montaquila 30-10-1943,Montaquila,1943-10-30,2,0,0,0,2,0,Nazis,firearms
RAVENNA 31.10.1943,Ravenna,1943-10-31,1,0,0,1,0,0,Fascists,firearms
MULINO PRATA SANNITA 31.10.1943,Mulino,1943-10-31,1,0,0,1,0,0,Nazis,firearms
ROBERTI ROCCAMONFINA 31.10.1943,Roberti,1943-10-31,1,0,0,1,0,0,Nazis,firearms
CASA TERMINI CASCIA 31.10.1943,Casa Termini,1943-10-31,1,0,0,1,0,0,Nazis,firearms
CAMPO FRANCESE MONTELEONE DI SPOLETO 31.10.1943,Campo Francese,1943-10-31,1,0,1,0,0,0,Nazis,firearms
VILLA GIZZI LEONESSA 31.10.1943,Villa Gizzi,1943-10-31,2,0,0,1,1,0,Nazis,firearms
"Palazzo Cameretti, Prata Sannita, 31.10-01.11.1943",Palazzo Cameretti di Prata Sannita,1943-10-31,8,0,0,1,1,0,Nazis,firearms
"CONTRADA TERREUZZO, TORA E PICCILLI, 01.11.1943",Contrada Terreuzzo,1943-11-01,1,0,0,0,1,0,Nazis,shooting
"Cave, Conca della Campania, 1/11/1943",Cave,1943-11-01,18,0,1,7,10,0,Nazis,shooting
Villa Santa Lucia 1-11-1943,Villa Santa Lucia,1943-11-01,1,0,0,1,0,0,Nazis,hanging
"Ponterotto, Conca della Campania, 1/11/1943",Ponterotto,1943-11-01,1,0,0,1,0,0,Nazis,firearms
"Pitiano, Conca della Campania, 1/11/1943",Pitiano,1943-11-01,1,0,0,0,0,0,Nazis,firearms
San Vittorino Caramanico 1-11-1943,San Vittorino,1943-11-01,1,0,0,1,0,0,Nazis,firearms
"Ca’ Mazzasette, Urbino, 01.11.1943",Ca’ Mazzasette,1943-11-01,3,0,0,1,0,0,Nazis,firearms
"Orchi, Conca della Campania, 1/11/1943",Orchi,1943-11-01,9,0,1,6,1,0,Nazis,firearms
MASSERIA TAVERNA RIARDO 02.11.1943,Masseria Taverna,1943-11-02,1,0,1,0,0,0,Nazis,shooting
Macchiagodena 2-11-1943,Località imprecisata,1943-11-02,1,0,0,1,0,0,Nazis,shooting
"Piantoli, Conca della Campania, 2/11/1943",Piantoli,1943-11-02,2,0,0,0,0,0,Nazis,fire
Fonte Valeria Tocco da Casauria 2-11-1943,Fonte Valeria,1943-11-02,1,0,0,0,0,1,Nazis,firearms
"Vallecardi, Conca della Campania, 2/11/1943",Vallecardi,1943-11-02,2,0,0,2,0,0,Nazis,firearms
TODI 03-04.11.1943,Todi,1943-11-03,1,0,0,1,0,0,Nazis and Fascists,shooting
"FRASCARI, VALLE AGRICOLA, 03.11.1943",Frascari,1943-11-03,2,0,0,0,0,2,Nazis,shooting
GROTTA MONTEBELLO PRESENZANO 03.11.1943,Grotta Montebello,1943-11-03,6,1,1,2,0,0,Nazis,shooting
CORSO LUCILIO SESSA AURUNCA 03.11.1943,Corso Lucilio di Sessa Aurunca,1943-11-03,1,0,0,1,0,0,Nazis,firearms
"Civitaretenga, Navelli, 03.11.1943",Civitaretenga,1943-11-03,1,0,0,0,1,0,Nazis,firearms
"Selva Pantanella, Conca della Campania, 3/11/1943",Selva Pantanella,1943-11-03,1,0,1,0,0,0,Nazis,firearms
"Villa del Monte, Conca della Campania, 4/11/1943",Villa del Monte,1943-11-04,5,0,0,4,1,0,Nazis,shooting
Sotto al Monte Capracotta 4-11-1943,Sotto al Monte,1943-11-04,2,0,0,2,0,0,Nazis,shooting
CAMPOZILLONE MIGNANO MONTE LUNGO 04.11.1943,Campozillone,1943-11-04,5,0,1,4,0,0,Nazis,shooting
"Paganine, Modena, 4-5.11.1943",Paganine,1943-11-04,1,0,0,0,0,0,Fascists,blades
FAENZA 04.11.1943,Faenza,1943-11-04,1,0,0,1,0,0,Fascists,firearms
"PALÙ, 05-06.11.1943",Palù,1943-11-05,5,0,0,5,0,0,Fascists,shooting
Colle Rustico di Valle Castellana 05-11-1943,Colle Rustico,1943-11-05,1,0,0,0,0,0,Nazis and Fascists,firearms
STAZIONE FERROVIARIA ATTIGLIANO 05.11.1943,Attigliano,1943-11-05,1,0,0,1,0,0,Nazis,firearms
"Celenza sul Trigno (Di Nocco), 05.11.1943",Celenza sul Trigno,1943-11-05,1,0,0,0,1,0,Nazis,firearms
"Celenza sul Trigno, 05.11.1943",Celenza sul Trigno,1943-11-05,1,0,0,1,0,0,Nazis,firearms
"Ateleta, data imprecisata 6-12-11-1943",Ateleta,1943-11-06,1,0,0,0,1,0,Nazis,firearms
"Porto di Pesaro, Pesaro, 06.11.1943",Porto di Pesaro,1943-11-06,1,0,0,1,0,0,Nazis,firearms
Cerquelle San Giorgio a Liri 7-11-1943,Cerquelle,1943-11-07,3,0,0,3,0,0,Nazis,shooting
Ateleta 07-11-1943,Ateleta,1943-11-07,1,0,0,0,0,0,Nazis,torture to death
"MEZZOLARA DI BUDRIO, 07.11.1943",Mezzolara di Budrio,1943-11-07,1,0,0,1,0,0,Fascists,firearms
"Pesaro, 07.11.1943",Pesaro,1943-11-07,1,0,0,1,0,0,Nazis,firearms
COSTA ROCCA D’EVANDRO 07.11.1943,Costa,1943-11-07,3,0,0,2,0,0,Nazis,firearms
Rionero Sannitico 7-11-1943,Rionero Sannitico,1943-11-07,4,0,0,2,0,0,Nazis,firearms
"S. Barbara, Chieti, 8-9.11.1943",S. Barbara,1943-11-08,4,0,0,3,0,1,Nazis and Fascists,shooting
"Rione Portella, Montenerodomo, 8.11.1943",Rione Portella,1943-11-08,1,0,0,0,0,0,Nazis,shooting
"Bertoni, Paglieta, 08.11.1943",Bertoni,1943-11-08,1,0,1,0,0,0,Nazis,shooting
COSTA DI VERNASSINO SAN PIETRO AL NATISONE 09.11.1943,Costa di Vernassino,1943-11-09,3,0,1,1,1,0,Nazis,fire
VIALE DEI CAPPUCCINI BOLOGNA 09.11.1943,viale dei Cappuccini 5 (oggi via Putti),1943-11-09,1,0,0,0,1,0,Nazis,firearms
Torrente San Cristoforo Ateleta 9-11-1943,Torrente San Cristoforo,1943-11-09,1,0,0,1,0,0,Nazis,firearms
"Massa Lombarda, 09.11.1943",Massa Lombarda,1943-11-09,1,0,0,1,0,0,Nazis,firearms
"Cerreto, San Pietro Infine, 9-10/11/1943",Cerreto,1943-11-09,8,0,0,3,3,0,Nazis,firearms
UNCINANO SPOLETO 10.11.1943,Uncinano,1943-11-10,1,0,0,1,0,0,Nazis and Fascists,firearms
"Santa Giusta, Torricella Peligna, 10.11.1943",Santa Giusta,1943-11-10,1,0,0,1,0,0,Nazis,firearms
"Vigna Piccenna, Colledimacine, 10-11-1943",Vigna Piccenna,1943-11-10,1,0,0,1,0,0,Nazis,firearms
Schito Palena 10-11-1943,Schito,1943-11-10,1,0,0,0,0,1,Nazis,firearms
"Strada provinciale dell’ Annunziata Lunga-Petriera, San Pietro Infine, 10/11/1943",Strada provinciale dell’ Annunziata Lunga-Petriera,1943-11-10,2,0,0,1,0,1,Nazis,firearms
"PALLANZENO, 11.11.1943",Pallanzeno,1943-11-11,6,0,0,6,0,0,Nazis and Fascists,shooting
FOSSE DEL NATISONE CIVIDALE DEL FRIULI 11.11.1943,Fosse del Natisone,1943-11-11,1,0,0,1,0,0,Nazis,shooting
Sant\\'Ambrogio sul Garigliano 11-11-1943,Sant\\'Ambrogio sul Garigliano,1943-11-11,1,0,0,0,0,1,Nazis,shooting
"Sopra i colli, Ateleta 11-11-1943",Sopra i colli,1943-11-11,1,0,0,0,1,0,Nazis,shooting
Ateleta 11-11-1943,Ateleta,1943-11-11,1,0,0,0,1,0,Nazis,mines
"La Forcella, San Pietro Infine, 11/11/1943",La Forcella,1943-11-11,7,0,0,3,1,0,Nazis,firearms
Cimitero di Villetta Barrea 12-11-1943,Cimitero,1943-11-12,1,0,0,1,0,0,Nazis,shooting
PIETRANSIERI ROCCARASO 21.11.1943,Pietransieri,1943-11-12,125,16,3,13,11,0,Nazis,shooting
"Ravenna, 05.01.1944",Ravenna,1943-11-12,1,0,0,1,0,0,Fascists,firearms
Franchitti Filignano 12-11-1943,Franchitti,1943-11-12,1,0,0,0,0,0,Nazis,firearms
"Tornareccio, 12.11.1943",Tornareccio,1943-11-12,1,0,0,1,0,0,Nazis,firearms
"Monteferrante, 13.11.1943",Monteferrante,1943-11-13,1,0,0,1,0,0,Nazis,fire
"VIA SAN FAUSTINO, BRESCIA, 13.11.1943",via San Faustino,1943-11-13,1,0,0,0,1,0,Fascists,firearms
"PIAZZA DELLA LOGGIA, BRESCIA, 13.11.1943",Piazza della Loggia,1943-11-13,3,0,0,3,0,0,Fascists,firearms
COLLI ROCCA D’EVANDRO 14.11.1943,Colli,1943-11-14,3,0,0,3,0,0,Nazis,shooting
"Campate, Scapoli 14.11.1943",Campate,1943-11-14,7,1,1,5,0,0,Nazis,shooting
"Vallevò, Rocca San Giovanni, 14-11-1943",Vallevò,1943-11-14,1,0,0,1,0,0,Nazis,firearms
Castelnuovo a Volturno di Rocchetta a Volturno 14-11-1943,Castelnuovo a Volturno,1943-11-14,2,0,0,0,1,0,Nazis,firearms
"CASTELLO ESTENSE, FERRARA, 15.11.1943",Castello Estense,1943-11-15,11,0,0,11,0,0,Fascists,shooting
Casalattico 15-11-1943,Casalattico,1943-11-15,1,0,0,1,0,0,Nazis,shooting
"Grotte del Cese, Quadri, 15.11.1943",Grotte del Cese,1943-11-15,6,0,0,5,0,1,Nazis,shooting
"Montelapiano, 15.11.1943",Montelapiano,1943-11-15,6,0,0,6,0,0,Nazis,shooting
"CANDELA, 15.11.43",Candela,1943-11-15,15,0,0,0,0,10,Nazis,mines
"Pizzoferrato, 15.11.1943",Pizzoferrato,1943-11-15,1,0,0,1,0,0,Nazis,firearms
Pescopennataro 15-11-1943,Pescopennataro,1943-11-15,4,0,1,3,0,0,Nazis,firearms
"Villa Santa Maria, 16.11.1943",Villa Santa Maria,1943-11-16,3,0,0,0,0,0,Nazis,mines
"Codacchie, Rocca San Giovanni, 16-11-1943",Codacchie,1943-11-16,1,0,0,1,0,0,Nazis,firearms
PINARELLA DI MARINA DI RAVENNA RAVENNA 17.11.1943,Pinarella di Marina di Ravenna,1943-11-17,1,0,0,1,0,0,Fascists,firearms
Atri di Teramo 17-11-1943,Atri,1943-11-17,1,0,0,1,0,0,Nazis and Fascists,firearms
"Coste Mulino, Torricella Peligna, 17.11.1943",Coste Mulino,1943-11-17,1,0,0,1,0,0,Nazis,firearms
"Tolfa, 17 novembre 1943",Casalone,1943-11-17,7,0,1,3,0,3,Nazis,firearms
"Sutri, 17 novembre 1943",Bivio tra Bassano e Sutri,1943-11-17,18,0,0,18,0,0,Nazis,firearms
"Bracciano, 18 novembre 1943",Bracciano,1943-11-18,2,0,0,2,0,0,Nazis,shooting
"Pizzoferrato, 18.11.1943",Pizzoferrato,1943-11-18,1,0,0,0,0,0,Nazis,firearms
"Pizzoferrato, 19.11.1943",Pizzoferrato,1943-11-19,1,0,0,0,0,0,Nazis,firearms
Via del Carmine Caramanico 20-11-1943,Via del Carmine,1943-11-20,1,0,0,1,0,0,Nazis,firearms
Pitassi Ateleta 20-11-1943,Pitassi,1943-11-20,1,0,0,0,1,0,Nazis,firearms
"POGGIO TOSOLI, MASSA MARITTIMA, 21.11.1943",Poggio Tosoli,1943-11-21,1,0,0,0,1,0,Nazis and Fascists,firearms
Pescocarboni Ateleta 21-11-1943,Pescocarboni,1943-11-21,3,0,1,0,1,0,Nazis,firearms
Bartocchia Ateleta 21-11-1943,Bartocchia,1943-11-21,3,0,0,1,0,0,Nazis,firearms
"Monte Calvo, Fondi, 23 novembre 1943",Monte Calvo,1943-11-23,1,1,0,1,0,0,Nazis,shooting
Viticuso 23-11-1943,Viticuso,1943-11-23,5,0,0,5,0,0,Nazis,shooting
Sant’Elena Ateleta 23-11-1943,Sant’Elena,1943-11-23,1,0,0,0,0,0,Nazis,firearms
Castel di Sangro 23-11-1943,Castel di Sangro,1943-11-23,1,0,0,1,0,0,Nazis,firearms
"Casello Ferroviario 112, Fondi, 24 novembre 1943",Casello Ferroviario 112,1943-11-24,1,0,0,0,1,0,Nazis,shooting
"Sant’Andrea, Fondi, 24 novembre 1943",Sant’Andrea,1943-11-24,1,0,0,1,0,0,Nazis,firearms
"Pizzoferrato, 24.11.1943",Pizzoferrato,1943-11-24,1,0,0,1,0,0,Nazis,firearms
"Stazione Ferroviaria, via del Fossato, Quadri, 25.11.1943","Stazione Ferroviaria, via del Fossato",1943-11-25,2,0,0,0,0,0,Nazis,mines
FORTE BRAVETTA ROMA 26.11.1943,Forte Bravetta,1943-11-26,2,0,0,2,0,0,Nazis,shooting
PENITRO FORMIA 26.11.1943,Penitro,1943-11-26,1,0,0,1,0,0,Nazis,firearms
"Pizzoferrato, 26.11.1943",Pizzoferrato,1943-11-26,6,0,2,3,0,0,Nazis,firearms
"Stazione di Quadri, Quadri, 27.11.1943",Stazione di Quadri,1943-11-27,1,0,0,0,1,0,Nazis,firearms
"Via della Stazione, Quadri, 27.11.1943",Via della Stazione,1943-11-27,1,0,0,0,1,0,Nazis,firearms
"Castiglione, Pizzoferrato, 27.11.1943",Castiglione,1943-11-27,1,0,0,0,0,0,Nazis,firearms
"NOVARETTO, CAPRIE, 27.11.1943",Novaretto,1943-11-27,3,0,0,3,0,0,Nazis,firearms
"Pizzoferrato, 27.11.1943",Pizzoferrato,1943-11-27,10,2,0,1,2,0,Nazis,firearms
"Contrada Marangola, Montenerodomo, 28.11.1943",Contrada Marangola (colle Aratonna),1943-11-28,1,0,0,0,0,0,Nazis,firearms
"Vico Fischiete, Palena,  28.11.1943",Vico Fiaschette,1943-11-28,1,0,0,1,0,0,Nazis,firearms
Masseria Natuccio di Vito Ateleta 28-11-1943,Masseria Natuccio di Vito,1943-11-28,1,0,1,0,0,0,Nazis,firearms
"San Benedetto Del Tronto, 28.11.1943",San Benedetto Del Tronto,1943-11-28,2,0,0,2,0,0,Nazis,firearms
"Pizzoferrato, 28.11.1943",Pizzoferrato,1943-11-28,3,0,0,2,0,0,Nazis,firearms
"Turchi, Pizzoferrato, 28.11.1943",Turchi,1943-11-28,3,0,0,2,1,0,Nazis,firearms
Pitassi Ateleta 29-11-1943,Pitassi,1943-11-29,1,0,0,1,0,0,Nazis,shooting
CARCERE DI SAN VITTORE MILANO 29.11.1943,Carcere di San Vittore,1943-11-29,1,0,0,1,0,0,Nazis,firearms
Masseria Sciullo Sant’Elena Ateleta 29-11-1943,Masseria Sciullo,1943-11-29,1,0,0,1,0,0,Nazis,firearms
Rivisondoli 29-11-1943,Rivisondoli,1943-11-29,1,0,0,1,0,0,Nazis,firearms
MUCCIAFORA POGGIODOMO 30.11.1943,Mucciafora,1943-11-30,7,0,0,4,2,0,Nazis and Fascists,firearms
"Contrada Casale, Montenerodomo, 30.11.1943",Contrada Casale,1943-11-30,2,0,0,1,1,0,Nazis,firearms
Madonna delle Rose Palena 30-11-1943,Madonna delle Rose,1943-11-30,3,0,0,0,0,2,Nazis,firearms
"Valdieri, dicembre 1943",Valdieri,1943-12-01,3,0,0,3,0,0,Nazis,shooting
"BORGO SAN DALMAZZO, DICEMBRE 1943",Borgo San Dalmazzo,1943-12-01,3,0,0,3,0,0,Nazis,shooting
"Poligono delle Cascine, Firenze, 02.12.1943",Piazzale delle Cascine,1943-12-02,5,0,0,4,1,0,Fascists,shooting
"Contrada Sorgente Lami, Rivisondoli 2-12-1943",Contrada Sorgente Lami,1943-12-02,1,0,0,1,0,0,Nazis,shooting
"Contrada Sorgente Lima, Rivisondoli, 02.12.1943",Contrada Sorgente Lima,1943-12-02,2,0,0,2,0,0,Nazis,shooting
"ROSASCO, 02-07.12.1943",Rosasco,1943-12-02,1,0,0,0,1,0,Nazis and Fascists,firearms
"Pizzoferrato, 02.12.1943",Pizzoferrato,1943-12-02,1,0,0,0,0,0,Nazis,firearms
"Colle Sant’Eramo, Sant’Elena, Ateleta 2-12-1943",Colle Sant’Eramo,1943-12-02,1,0,0,1,0,0,Nazis,firearms
"Vicenne, Rapino, 03.12.1943",Vicenne,1943-12-03,1,0,0,0,0,0,Nazis,blades
CHIETI 03.12.1943,Chieti,1943-12-03,1,0,0,1,0,0,Nazis and Fascists,firearms
"Pizzoferrato, 03.12.1943",Pizzoferrato,1943-12-03,2,0,0,0,0,0,Nazis,firearms
"Val di Foro, Casacanditella, 03.12.1943",Val di Foro,1943-12-03,2,0,1,0,0,0,Nazis,firearms
"Pizzoferrato, 04.12.1943",Pizzoferrato,1943-12-04,1,0,0,0,1,0,Nazis,firearms
Sciullo Ateleta 4-12-1943,Sciullo,1943-12-04,1,0,0,1,0,0,Nazis,firearms
"Località Serra, Montenerodomo, 4.12.1943",Località Serra,1943-12-04,1,0,0,0,1,0,Nazis,firearms
"Contrada Casale, Montenerodomo, 04.12.1943",Contrada Casale,1943-12-04,1,0,0,0,0,0,Nazis,firearms
"Aia Verde, Pizzoferrato, 04.12.1943",Aia Verde,1943-12-04,6,1,0,1,1,0,Nazis,firearms
"Castellonorato, 5 dicembre 1943",Castellonorato,1943-12-05,1,0,0,1,0,0,Nazis,firearms
Fosso di Ricchione Ateleta 5-12-1943,Fosso di Ricchione,1943-12-05,1,0,0,0,1,0,Nazis,firearms
Sciullo Ateleta 5-12-1943,Sciullo,1943-12-05,2,0,1,1,0,0,Nazis,firearms
"Piano Sale, Filetto, 05.12.1943",Piano Sale,1943-12-05,8,0,0,0,1,3,Nazis,firearms
"Contrada Colli, Montenerodomo, 6.12.1943",Contrada Colli,1943-12-06,1,0,0,0,1,0,Nazis,shooting
Via Soccorso Lama dei Peligni 6-12-1943,Via Soccorso,1943-12-06,2,0,0,2,0,0,Nazis,mines
GUBBIO 06.12.1943,Gubbio,1943-12-06,1,0,0,1,0,0,Fascists,firearms
"Pizzoferrato, 06.12.1943",Pizzoferrato,1943-12-06,1,0,0,0,1,0,Nazis,firearms
"Castiglione, Pizzoferrato, 06.12.1943",Pizzoferrato,1943-12-06,1,0,0,1,0,0,Nazis,firearms
Carceri Basse Ateleta 6-12-1943,Carceri Basse,1943-12-06,1,0,0,1,0,0,Nazis,firearms
Palena 06-12-1943,Palena,1943-12-06,1,0,0,0,0,1,Nazis,firearms
Sant’Elena Ateleta 6-12-1943,Sant’Elena,1943-12-06,2,0,0,0,2,0,Nazis,firearms
"Fiume Sangro, Pizzoferrato, 07.12.1943",Fiume Sangro,1943-12-07,1,0,0,0,0,0,Nazis,drowning
"Cimitero di Lucca, 07.12.1943",Cimitero,1943-12-07,1,0,0,1,0,0,Fascists,shooting
"Poltragno, Lovere, 07-22.12.1943",Poltragno,1943-12-07,13,0,0,12,0,1,Fascists,shooting
CONTRADA S. ANDREA TOLENTINO 07.12.1943,Contrada Sant’Andrea,1943-12-07,1,0,0,1,0,0,Nazis and Fascists,firearms
"Civitella Messer Raimondo, 07.12.1943",Civitella Messer Raimondo,1943-12-07,1,0,0,1,0,0,Nazis,firearms
"Contrada Marangola, Montenerodomo, 8-9.12.1943",Contrada Marangola,1943-12-08,1,0,0,0,0,0,Nazis,mines
"via Mazzara Sulmona, 8.12.1943",via Mazzara,1943-12-08,1,0,0,0,1,0,Nazis,torture to death
Via Madonna di Loreto Pacentro 8-12-1943,Via Madonna di Loreto,1943-12-08,1,0,0,1,0,0,Nazis,firearms
FORNO CANAVESE 09.12.1943,Forno Canavese,1943-12-09,18,0,0,18,0,0,Nazis,shooting
AISONE 09.12.1943,Aisone,1943-12-09,1,0,0,1,0,0,Nazis,firearms
"Cricetta, Torricella Peligna, 09.12.1943",Cricetta,1943-12-09,1,0,0,0,0,0,Nazis,firearms
"Ischiarozza, Torricella Peligna, 09.12.1943",Ischiarozza,1943-12-09,1,0,0,0,0,0,Nazis,firearms
"Pizzoferrato, 09.12.1943",Pizzoferrato,1943-12-09,3,0,1,2,0,0,Nazis,firearms
"Casale Vigne, contrada Castiglione, Pizzoferrato, 10.12.1943","Casale Vigne, contrada Castiglione",1943-12-10,2,0,0,0,1,0,Nazis,mines
"Bissina, Quadri, 10.12.1943",Bissina,1943-12-10,1,0,0,1,0,0,Nazis,firearms
"Coste, contrada Turchi, Pizzoferrato, 10.12.1943","Coste, contrada Turchi",1943-12-10,1,0,0,0,1,0,Nazis,firearms
Palena 10-12-1943,Palena,1943-12-10,1,0,0,0,0,0,Nazis,firearms
"Pizzoferrato, 10.12.1943",Pizzoferrato,1943-12-10,6,0,0,0,3,0,Nazis,firearms
"NONGRUELLA, CERGNEU, PECOLLE, FAEDIS, 11-17.12.1943","Nongruella, Cergneu, Pecolle",1943-12-11,32,0,0,20,0,0,Nazis,shooting
"San Vito Chietino, 11.12.1943",San Vito Chietino,1943-12-11,1,0,0,1,0,0,Nazis,firearms
Corvara 11-12-1943,Corvara,1943-12-11,1,0,0,1,0,0,Nazis,firearms
via Rivera Pacentro 11-12-1943,via Rivera,1943-12-11,1,0,0,0,0,0,Nazis,firearms
"Ravenna, 12.12.1943",Ravenna,1943-12-12,1,0,0,1,0,0,Fascists,firearms
"Torricella Peligna, 12.12.1943",Torricella Peligna,1943-12-12,1,0,0,0,1,0,Nazis,firearms
"Pizzoferrato, 12.12.1943",Pizzoferrato,1943-12-12,1,0,0,0,1,0,Nazis,firearms
"Fonte di Giandarme, Quadri, 12.12.1943",Fonte di Giandarme,1943-12-12,1,0,0,0,0,0,Nazis,firearms
Ateleta 12-12-1943,Ateleta,1943-12-12,3,0,0,0,0,0,Nazis,firearms
MONTORIO AL VOMANO 13.12.1943,Montorio Al Vomano,1943-12-13,1,0,0,1,0,0,Fascists,shooting
Carcere di Teramo 13-12-1943,Carcere,1943-12-13,1,0,0,1,0,0,Nazis,shooting
MONTEPAGANO ROSETO DEGLI ABRUZZI 13.12.1943-10.01.1944,Montepagano,1943-12-13,1,0,0,1,0,0,Nazis,firearms
CASAMARINO ROCCA D’EVANDRO 13.12.1943,Casamarino,1943-12-13,1,0,0,0,1,0,Nazis,firearms
"Luogo Martino, Quadri, 13.12.1943",Luogo Martino,1943-12-13,1,0,0,0,1,0,Nazis,firearms
Parata Bussi Sul Tirino 14-12-1943,Parata,1943-12-14,10,0,0,10,0,0,Nazis,shooting
SAN VALENTINO POGGIO MIRTETO 14.12.1943,San Valentino,1943-12-14,1,0,0,1,0,0,Nazis and Fascists,firearms
"Capolevigne, Quadri, 14.12.1943",Capolevigne,1943-12-14,1,0,0,0,0,0,Nazis,firearms
COSTA PILONI PRESENZANO 15.12.1943,Costa Piloni,1943-12-15,1,0,0,0,0,1,Nazis,shooting
PANTANO PRESENZANO 15.12.1943,Pantano,1943-12-15,1,0,0,1,0,0,Nazis,shooting
FOSSE DEL NATISONE CIVIDALE DEL FRIULI 15.12.1943,Fosse del Natisone,1943-12-15,1,0,0,1,0,0,Nazis,shooting
RIETI dicembre 1943,Rieti,1943-12-15,1,0,0,1,0,0,Nazis,shooting
"Cusano Milanino, 16.12.1943",Cusano Milanino,1943-12-16,2,0,0,2,0,0,Fascists,shooting
Gallo Palena 16-12-1943,Gallo,1943-12-16,1,0,0,1,0,0,Nazis,firearms
Palena 16-12-1943,Palena,1943-12-16,2,0,1,0,1,0,Nazis,firearms
Carlino 17-12-1943,Carlino,1943-12-17,2,0,0,2,0,0,Nazis,shooting
"Contrada San Marco, Casacanditella, 17.12.1943",Contrada San Marco,1943-12-17,1,0,0,0,0,0,Nazis,firearms
Acquaviva  Scanno 17-12-1943,Acquaviva,1943-12-17,1,0,0,0,1,0,Nazis,firearms
"Lago di Scanno, Scanno 17-12-1943",Lago di Scanno,1943-12-17,1,0,0,0,1,0,Nazis,firearms
"Pizzoferrato, 17.12.1943",Pizzoferrato,1943-12-17,4,1,0,0,0,0,Nazis,firearms
Torrente Gallo Lama dei Peligni 17-12-1943,Torrente Gallo,1943-12-17,4,1,0,0,0,0,Nazis,firearms
Ponte di San Vittorio Sant’Angelo del Pesco 18-12-1943,Ponte di San Vittorio,1943-12-18,1,0,0,0,1,0,Nazis,firearms
ARENA MILANO 20.12.1943,Arena,1943-12-20,8,0,0,8,0,0,Fascists,shooting
"Sforzacosta, Macerata, 20.12.1943",Sforzacosta,1943-12-20,1,0,0,1,0,0,Nazis,shooting
"Quadri, 20.12.1943",Quadri,1943-12-20,2,0,0,0,1,0,Nazis,fire
"Pietre Ciferine, Torricella Peligna, 20.12.1943",Pietre Ciferine,1943-12-20,1,0,0,1,0,0,Nazis,firearms
CONTRADA SELVE VACRI 20.12.1943,Contrada Selve,1943-12-20,1,0,0,1,0,0,Nazis,firearms
"Mocchie, Condove, 20.12.1943",Mocchie,1943-12-20,5,0,0,2,1,2,Nazis,firearms
"ospedale Poveri Infermi, Borgosesia, 21-22.12.1943",ospedale Poveri Infermi,1943-12-21,1,0,0,1,0,0,Fascists,shooting
"BARGE, 21.12.1943",Barge,1943-12-21,2,0,0,1,1,0,Nazis,blades
BORGOSESIA 21.12.1943,Borgosesia,1943-12-21,1,0,0,1,0,0,Fascists,firearms
"Caprarola, 21 dicembre 1943",Caprarola,1943-12-21,1,0,0,1,0,0,Nazis,firearms
Manoppello 21-12-1943,Manoppello,1943-12-21,1,0,1,0,0,0,Nazis,firearms
"Reginaldo, Roccamontepiano, 21.12.1943",Reginaldo,1943-12-21,1,0,0,1,0,0,Nazis,firearms
"Stradella, Sulmona, 21-12-1943",Stradella,1943-12-21,2,0,0,2,0,0,Nazis,firearms
"Piazza Roma, Crevacuore, 22.12.1943",Piazza Roma,1943-12-22,1,0,0,1,0,0,Fascists,shooting
"Piazza Roma, Cossato, 22.12.1943",Piazza Roma,1943-12-22,2,0,0,2,0,0,Fascists,shooting
FORTE BRAVETTA ROMA 22.12.1943,Forte Bravetta,1943-12-22,2,0,0,2,0,0,Nazis and Fascists,shooting
"Abbazia di Santo Spirito, Badia di Sulmona, Sulmona 22-12-1943",Abbazia di Santo Spirito,1943-12-22,1,0,0,1,0,0,Nazis,shooting
"Ciarei, Tollegno 22.12.1943",Ciarei,1943-12-22,4,0,2,2,0,0,Nazis,shooting
"Opatje Selo (Opacchiasella), Miren-Kostanjevica (Merna-Castagnevizza), 22.12.1943",Opatje Selo (Opachiesella),1943-12-22,5,0,0,0,0,5,Nazis and Fascists,firearms
SAN CESARIO DI ROCCA DI EVANDRO 22.12.1943,San Cesario,1943-12-22,2,0,0,2,0,0,Nazis,firearms
"Piazza della Chiesa, Vallemosso, 23.12.1943",Piazza della Chiesa,1943-12-23,3,0,0,3,0,0,Fascists,shooting
"NOVARA, 23.12.1943",Poligono di tiro,1943-12-23,3,0,0,3,0,0,Nazis,shooting
AGLIANO CAMPELLO SUL CLITUNNO 24.12.1943,Agliano,1943-12-24,5,0,0,4,1,0,Nazis and Fascists,shooting
"Francavilla al Mare, 24.12.1943",Francavilla al Mare,1943-12-24,2,0,0,2,0,0,Nazis,mines
Pisciarello Palena 24-12-1943,Pisciarello,1943-12-24,1,0,0,0,1,0,Nazis,firearms
"Turchi, Pizzoferrato, 25.12.1943",Turchi,1943-12-25,10,0,0,4,6,0,Nazis,shooting
CESENA 25.12.1943,Cesena,1943-12-25,1,0,0,1,0,0,Fascists,firearms
"L\\'Aquila, 25-26.12.1943",L\\'Aquila,1943-12-25,1,0,0,0,0,0,Nazis,firearms
"Madonna delle Rose, Torricella Peligna, 26.12.1943",Madonna delle Rose,1943-12-26,1,0,0,1,0,0,Nazis,firearms
"Madonna delle Rose, Torricella Peligna, 26-27.12.1943",Madonna delle Rose,1943-12-26,2,0,0,1,1,0,Nazis,firearms
"Pietre Ciferine, Torricella Peligna, 26.12.1943",Pietre Ciferine,1943-12-26,4,0,0,3,1,0,Nazis,firearms
TAGLIO CORELLI ALFONSINE 27.12.1943,Taglio Corelli,1943-12-27,1,0,0,1,0,0,Fascists,shooting
"MADONNA DEGLI ANGELI, SAVONA, 27.12.1943",Madonna degli Angeli,1943-12-27,7,0,0,6,1,0,Fascists,shooting
"Santa Giusta, Torricella Peligna, 27.12.1943",Santa Giusta,1943-12-27,1,0,0,0,1,0,Nazis,firearms
"POLIGONO DI TIRO, REGGIO EMILIA, 28.12.1943",Poligono di tiro,1943-12-28,8,0,0,8,0,0,Fascists,shooting
"NOVARA, 28.12.1943",Novara,1943-12-28,8,0,0,8,0,0,Nazis,shooting
Collelungo Vallerotonda 28-12-1943,Collelungo,1943-12-28,42,4,4,10,1,0,Nazis,shooting
"Mellea, Fossano, 29.12.1943",Mellea,1943-12-29,4,0,0,4,0,0,Nazis,shooting
Carceri Alte Ateleta 29-12-1943,Carceri Alte,1943-12-29,1,0,0,1,0,0,Nazis,firearms
POLIGONO DI TIRO BOLOGNA 30.12.1943,Poligono di tiro via Agucchi 98,1943-12-30,2,0,0,2,0,0,Fascists,shooting
FORTE BRAVETTA ROMA 30.12.943,Forte Bravetta,1943-12-30,3,0,0,3,0,0,Nazis,shooting
"BAGNOLO PIEMONTE, 30.12.1943",Bagnolo Piemonte,1943-12-30,13,0,1,12,0,0,Nazis,shooting
"Santa Cecilia, Francavillla al Mare, 30.12.1943",Santa Cecilia,1943-12-30,20,0,1,18,1,0,Nazis,shooting
"Francavilla al Mare, 30.12.1943",Francavilla al Mare,1943-12-30,1,0,0,0,1,0,Nazis,firearms
"BOVES, 31.12.1943",Boves,1943-12-31,34,0,0,10,24,0,Nazis,shooting
Collarmele 31-12-1943,Collarmele,1943-12-31,1,0,0,1,0,0,Nazis,shooting
FORTE BRAVETTA ROMA 31.12.1943,Forte Bravetta,1943-12-31,2,0,0,2,0,0,Nazis,shooting
