anno,tiempo,tematica,pays,areas
2007,2007-10-10,Independencia,Chad,Africa
2011,2011-01-03,Economía,Egipto,Africa del Norte
2011,2011-01-28,Economía,Egipto,Africa del Norte
2011,2011-04-13,Economía,Egipto,Africa del Norte
2011,2011-04-20,Economía,Egipto,Africa del Norte
2011,2011-06-03,Economía,Egipto,Africa del Norte
2013,2013-11-08,Política,Egipto,Africa del Norte
2008,2008-06-30,Política,Ghana,Africa
2007,2007-11-14,Política,Libia,Africa del Norte
2011,2011-06-29,Economía,Libia,Africa del Norte
2011,2011-10-28,Economía,Libia,Africa del Norte
2010,2010-06-18,Política,Marruecos,Africa del Norte
2010,2010-06-23,Política,Marruecos,Africa del Norte
2011,2011-02-07,Política,Somalia,Africa
2011,2011-02-11,Ecología ,Tunisia,Africa del Norte
2011,2011-03-08,Ecología ,Tunisia,Africa del Norte
2014,2014-01-29,Economía,Tunisia,Africa del Norte
2007,2007-11-30,Política,Canada,America del Norte
2008,2008-04-07,Guerra,Estados Unidos,America del Norte
2008,2008-07-11,Migración,Estados Unidos,America del Norte
2008,2008-03-28,Política,Estados Unidos,America del Norte
2008,2008-05-14,Política,Estados Unidos,America del Norte
2008,2008-07-18,Política,Estados Unidos,America del Norte
2008,2008-09-22,Política,Estados Unidos,America del Norte
2008,2008-11-07,Política,Estados Unidos,America del Norte
2009,2009-07-29,Ecología ,Estados Unidos,America del Norte
2009,2009-03-05,Economía,Estados Unidos,America del Norte
2009,2009-04-15,Historia&Sociedad,Estados Unidos,America del Norte
2009,2009-06-08,Historia&Sociedad,Estados Unidos,America del Norte
2009,2009-07-08,Historia&Sociedad,Estados Unidos,America del Norte
2009,2009-02-06,Política,Estados Unidos,America del Norte
2009,2009-05-13,Política,Estados Unidos,America del Norte
2010,2010-06-11,Dedicatoria,Estados Unidos,America del Norte
2010,2010-07-12,Dedicatoria,Estados Unidos,America del Norte
2010,2010-05-26,Ecología ,Estados Unidos,America del Norte
2010,2010-12-22,Economía,Estados Unidos,America del Norte
2010,2010-05-12,Política,Estados Unidos,America del Norte
2010,2010-06-09,Política,Estados Unidos,America del Norte
2010,2010-06-11,Política,Estados Unidos,America del Norte
2010,2010-06-14,Política,Estados Unidos,America del Norte
2010,2010-10-25,Política,Estados Unidos,America del Norte
2010,2010-11-05,Política,Estados Unidos,America del Norte
2011,2011-01-10,Economía,Estados Unidos,America del Norte
2011,2011-06-22,Economía,Estados Unidos,America del Norte
2011,2011-10-14,Economía,Estados Unidos,America del Norte
2011,2011-03-04,Guerra,Estados Unidos,America del Norte
2011,2011-03-23,Guerra,Estados Unidos,America del Norte
2011,2011-06-07,Historia&Sociedad,Estados Unidos,America del Norte
2011,2011-01-31,Periódico,Estados Unidos,America del Norte
2011,2011-02-07,Política,Estados Unidos,America del Norte
2011,2011-05-25,Política,Estados Unidos,America del Norte
2011,2011-07-08,Política,Estados Unidos,America del Norte
2011,2011-07-28,Política,Estados Unidos,America del Norte
2011,2011-10-02,Política,Estados Unidos,America del Norte
2012,2012-08-20,Dedicatoria,Estados Unidos,America del Norte
2012,2012-02-08,Economía,Estados Unidos,America del Norte
2012,2012-02-10,Economía,Estados Unidos,America del Norte
2012,2012-09-24,Economía,Estados Unidos,America del Norte
2012,2012-12-12,Economía,Estados Unidos,America del Norte
2012,2012-07-20,Política,Estados Unidos,America del Norte
2013,2013-05-31,Economía,Estados Unidos,America del Norte
2013,2013-10-14,Migración,Estados Unidos,America del Norte
2013,2013-11-29,Migración,Estados Unidos,America del Norte
2013,2013-02-04,Política,Estados Unidos,America del Norte
2013,2013-07-05,Política,Estados Unidos,America del Norte
2013,2013-09-30,Política,Estados Unidos,America del Norte
2013,2013-02-20,Política,Estados Unidos,America del Norte
2013,2013-03-08,Política,Estados Unidos,America del Norte
2013,2013-07-15,Política,Estados Unidos,America del Norte
2013,2013-09-11,Política,Estados Unidos,America del Norte
2014,2014-02-03,Economía,Estados Unidos,America del Norte
2014,2014-03-17,Economía,Estados Unidos,America del Norte
2014,2014-08-13,Economía,Estados Unidos,America del Norte
2014,2014-11-05,Economía,Estados Unidos,America del Norte
2014,2014-12-29,Economía,Estados Unidos,America del Norte
2014,2014-04-21,Política,Estados Unidos,America del Norte
2014,2014-05-16,Política,Estados Unidos,America del Norte
2014,2014-10-30,Política,Estados Unidos,America del Norte
2015,2015-04-23,Dedicatoria,Estados Unidos,America del Norte
2015,2015-07-08,Economía,Estados Unidos,America del Norte
2015,2015-01-12,Guerra,Estados Unidos,America del Norte
2015,2015-06-22,Historia&Sociedad,Estados Unidos,America del Norte
2015,2015-11-25,Migración,Estados Unidos,America del Norte
2015,2015-05-06,Política,Estados Unidos,America del Norte
2016,2016-03-23,Guerra,Estados Unidos,America del Norte
2016,2016-01-15,Política,Estados Unidos,America del Norte
2016,2016-01-18,Política,Estados Unidos,America del Norte
2016,2016-02-26,Política,Estados Unidos,America del Norte
2016,2016-06-22,Política,Estados Unidos,America del Norte
2016,2016-09-30,Política,Estados Unidos,America del Norte
2016,2016-10-16,Política,Estados Unidos,America del Norte
2016,2016-11-28,Política,Estados Unidos,America del Norte
2016,2016-12-14,Política,Estados Unidos,America del Norte
2017,2017-02-10,Ecología ,Estados Unidos,America del Norte
2017,2017-02-16,Ecología ,Estados Unidos,America del Norte
2017,2017-04-24,Ecología ,Estados Unidos,America del Norte
2017,2017-01-11,Economía,Estados Unidos,America del Norte
2017,2017-01-11,Economía,Estados Unidos,America del Norte
2017,2017-01-20,Economía,Estados Unidos,America del Norte
2017,2017-01-25,Economía,Estados Unidos,America del Norte
2017,2017-02-08,Economía,Estados Unidos,America del Norte
2017,2017-04-08,Guerra,Estados Unidos,America del Norte
2017,2017-04-05,Historia&Sociedad,Estados Unidos,America del Norte
2017,2017-05-06,Historia&Sociedad,Estados Unidos,America del Norte
2017,2017-01-30,Migración,Estados Unidos,America del Norte
2017,2017-01-18,Política,Estados Unidos,America del Norte
2017,2017-02-13,Política,Estados Unidos,America del Norte
2017,2017-05-24,Política,Estados Unidos,America del Norte
2017,2017-09-13,Política,Estados Unidos,America del Norte
2017,2017-10-11,Política,Estados Unidos,America del Norte
2017,2017-08-22,Sexismo,Estados Unidos,America del Norte
2007,2007-11-20,Migración,Argentina,America del Sur
2008,2008-05-12,Política,Argentina,America del Sur
2010,2010-11-24,Sexismo,Argentina,America del Sur
2013,2013-08-14,Economía,Argentina,America del Sur
2014,2014-10-03,Historia&Sociedad,Argentina,America del Sur
2014,2014-10-15,Historia&Sociedad,Argentina,America del Sur
2014,2014-02-19,Política,Argentina,America del Sur
2009,2009-03-02,Economía,Bolivia,America del Sur
2014,2014-09-18,Independencia,Brasil,America del Sur
2016,2016-05-16,Política,Brasil,America del Sur
2010,2010-08-26,Migración,Chile,America del Sur
2010,2010-10-01,Migración,Chile,America del Sur
2012,2012-02-29,Historia&Sociedad,Chile,America del Sur
2012,2012-04-23,Historia&Sociedad,Chile,America del Sur
2012,2012-10-16,Independencia,Chile,America del Sur
2013,2013-07-24,Política,Chile,America del Sur
2007,2007-10-24,Ecología ,Colombia,America del Sur
2008,2008-05-05,Ecología ,Colombia,America del Sur
2009,2009-07-22,Política,Colombia,America del Sur
2012,2012-03-30,Política,Colombia,America del Sur
2014,2014-12-03,Guerra,Colombia,America del Sur
2015,2015-04-09,Política,Colombia,America del Sur
2016,2016-06-08,Política,Colombia,America del Sur
2016,2016-07-20,Política,Colombia,America del Sur
2009,2009-02-25,Política,Cuba,America del Sur
2012,2012-10-09,Dedicatoria,Cuba,America del Sur
2014,2014-11-28,Política,Cuba,America del Sur
2016,2016-12-02,Economía,Cuba,America del Sur
2016,2016-10-28,Política,Cuba,America del Sur
2016,2016-11-11,Política,Cuba,America del Sur
2008,2008-04-25,Política,Ecuador,America del Sur
2011,2011-04-25,Guerra,El Salvador,America del Sur
2010,2010-07-26,Política,Haiti,America del Sur
2010,2010-10-06,Política,Haiti,America del Sur
2011,2011-05-27,Dedicatoria,Haiti,America del Sur
2009,2009-03-27,Política,Honduras,America del Sur
2017,2017-05-20,Política,Jamaica,America del Sur
2010,2010-06-18,Dedicatoria,Mexico,America del Sur
2010,2010-05-03,Ecología ,Mexico,America del Sur
2010,2010-12-17,Economía,Mexico,America del Sur
2015,2015-02-26,Economía,Panama,America del Sur
2016,2016-05-04,Guerra,Panama,America del Sur
2016,2016-07-15,Guerra,Panama,America del Sur
2016,2016-07-18,Guerra,Panama,America del Sur
2016,2016-07-22,Guerra,Panama,America del Sur
2016,2016-10-21,Guerra,Panama,America del Sur
2016,2016-12-12,Política,Panama,America del Sur
2017,2017-01-13,Política,Panama,America del Sur
2012,2012-07-03,Historia&Sociedad,Paraguay,America del Sur
2009,2009-02-13,Política,Peru,America del Sur
2013,2013-12-11,Política,Uruguay,America del Sur
2015,2015-06-18,Guerra,Uruguay,America del Sur
2015,2015-10-05,Guerra,Uruguay,America del Sur
2007,2007-09-10,Política,Venezuela,America del Sur
2007,2007-09-14,Política,Venezuela,America del Sur
2013,2013-06-12,Economía,Venezuela,America del Sur
2013,2013-06-19,Economía,Venezuela,America del Sur
2014,2014-06-02,Economía,Venezuela,America del Sur
2014,2014-07-24,Economía,Venezuela,America del Sur
2015,2015-07-29,Independencia,Venezuela,America del Sur
2017,2017-05-03,Política,Venezuela,America del Sur
2007,2007-12-06,Guerra,Antartide,Antartide
2010,2010-05-21,Dedicatoria,Antartide,Antartide
2011,2011-11-30,Política,Antartide,Antartide
2011,2011-12-01,Política,Antartide,Antartide
2012,2012-02-02,Política,Antartide,Antartide
2014,2014-07-11,Guerra,Antartide,Antartide
2014,2014-05-07,Política,Antartide,Antartide
2014,2014-05-22,Política,Antartide,Antartide
2015,2015-10-21,Economía,Antartide,Antartide
2015,2015-02-13,Política,Antartide,Antartide
2015,2015-02-18,Política,Antartide,Antartide
2015,2015-12-16,Política,Antartide,Antartide
2015,2015-12-18,Política,Antartide,Antartide
2015,2015-12-23,Política,Antartide,Antartide
2016,2016-05-25,Política,Antartide,Antartide
2017,2017-05-13,Ecología ,Antartide,Antartide
2017,2017-06-17,Historia&Sociedad,Antartide,Antartide
2017,2017-02-06,Política,Antartide,Antartide
2017,2017-02-15,Política,Antartide,Antartide
2017,2017-02-22,Sexismo,Antartide,Antartide
2007,2007-09-10,Dedicatoria,España,España
2007,2007-11-23,Dedicatoria,España,España
2007,2007-12-26,Dedicatoria,España,España
2007,2007-12-14,Ecología ,España,España
2007,2007-11-05,Economía,España,España
2007,2007-11-07,Economía,España,España
2007,2007-12-05,Economía,España,España
2007,2007-12-19,Economía,España,España
2007,2007-09-12,Guerra,España,España
2007,2007-09-19,Guerra,España,España
2007,2007-09-20,Guerra,España,España
2007,2007-10-07,Historia&Sociedad,España,España
2007,2007-12-21,Historia&Sociedad,España,España
2007,2007-12-28,Iglesia,España,España
2007,2007-10-01,Independencia,España,España
2007,2007-10-14,Independencia,España,España
2007,2007-10-17,Independencia,España,España
2007,2007-10-28,Migración,España,España
2007,2007-11-16,Migración,España,España
2007,2007-09-17,Política,España,España
2007,2007-09-26,Política,España,España
2007,2007-10-03,Política,España,España
2007,2007-10-26,Política,España,España
2007,2007-10-31,Política,España,España
2007,2007-11-02,Política,España,España
2007,2007-11-26,Política,España,España
2008,2008-04-09,Ecología ,España,España
2008,2008-04-18,Ecología ,España,España
2008,2008-07-02,Ecología ,España,España
2008,2008-09-10,Ecología ,España,España
2008,2008-11-26,Ecología ,España,España
2008,2008-01-11,Economía,España,España
2008,2008-01-23,Economía,España,España
2008,2008-02-01,Economía,España,España
2008,2008-03-26,Economía,España,España
2008,2008-04-02,Economía,España,España
2008,2008-04-04,Economía,España,España
2008,2008-04-28,Economía,España,España
2008,2008-06-09,Economía,España,España
2008,2008-07-07,Economía,España,España
2008,2008-07-16,Economía,España,España
2008,2008-09-17,Economía,España,España
2008,2008-09-19,Economía,España,España
2008,2008-09-24,Economía,España,España
2008,2008-10-13,Economía,España,España
2008,2008-11-17,Economía,España,España
2008,2008-12-05,Economía,España,España
2008,2008-12-10,Economía,España,España
2008,2008-12-22,Economía,España,España
2008,2008-01-04,Guerra,España,España
2008,2008-01-14,Guerra,España,España
2008,2008-01-21,Guerra,España,España
2008,2008-03-07,Guerra,España,España
2008,2008-12-09,Guerra,España,España
2008,2008-12-17,Guerra,España,España
2008,2008-02-11,Historia&Sociedad,España,España
2008,2008-02-16,Historia&Sociedad,España,España
2008,2008-02-18,Historia&Sociedad,España,España
2008,2008-03-10,Historia&Sociedad,España,España
2008,2008-04-30,Historia&Sociedad,España,España
2008,2008-06-27,Historia&Sociedad,España,España
2008,2008-07-21,Historia&Sociedad,España,España
2008,2008-09-03,Historia&Sociedad,España,España
2008,2008-10-01,Historia&Sociedad,España,España
2008,2008-10-03,Historia&Sociedad,España,España
2008,2008-10-15,Historia&Sociedad,España,España
2008,2008-10-24,Historia&Sociedad,España,España
2008,2008-10-24,Historia&Sociedad,España,España
2008,2008-01-09,Iglesia,España,España
2008,2008-01-16,Migración,España,España
2008,2008-02-08,Migración,España,España
2008,2008-05-09,Migración,España,España
2008,2008-05-26,Migración,España,España
2008,2008-07-23,Migración,España,España
2008,2008-10-06,Migración,España,España
2008,2008-02-12,Periódico,España,España
2008,2008-06-23,Periódico,España,España
2008,2008-01-30,Política,España,España
2008,2008-02-04,Política,España,España
2008,2008-02-06,Política,España,España
2008,2008-02-20,Política,España,España
2008,2008-02-25,Política,España,España
2008,2008-02-27,Política,España,España
2008,2008-03-05,Política,España,España
2008,2008-03-12,Política,España,España
2008,2008-03-19,Política,España,España
2008,2008-03-24,Política,España,España
2008,2008-04-23,Política,España,España
2008,2008-05-07,Política,España,España
2008,2008-05-16,Política,España,España
2008,2008-05-19,Política,España,España
2008,2008-05-28,Política,España,España
2008,2008-06-04,Política,España,España
2008,2008-06-11,Política,España,España
2008,2008-06-13,Política,España,España
2008,2008-06-16,Política,España,España
2008,2008-06-18,Política,España,España
2008,2008-06-25,Política,España,España
2008,2008-07-04,Política,España,España
2008,2008-09-01,Política,España,España
2008,2008-09-05,Política,España,España
2008,2008-09-15,Política,España,España
2008,2008-10-29,Política,España,España
2008,2008-11-03,Política,España,España
2008,2008-11-05,Política,España,España
2008,2008-12-03,Política,España,España
2008,2008-09-08,Sexismo,España,España
2008,2008-10-08,Sexismo,España,España
2009,2009-03-13,Dedicatoria,España,España
2009,2009-07-03,Ecología ,España,España
2009,2009-07-06,Ecología ,España,España
2009,2009-01-12,Economía,España,España
2009,2009-02-09,Economía,España,España
2009,2009-03-30,Economía,España,España
2009,2009-04-01,Economía,España,España
2009,2009-05-04,Economía,España,España
2009,2009-05-22,Economía,España,España
2009,2009-06-03,Economía,España,España
2009,2009-06-15,Economía,España,España
2009,2009-07-15,Economía,España,España
2009,2009-01-14,Guerra,España,España
2009,2009-02-02,Guerra,España,España
2009,2009-04-13,Guerra,España,España
2009,2009-06-19,Guerra,España,España
2009,2009-09-04,Guerra,España,España
2009,2009-09-07,Guerra,España,España
2009,2009-01-09,Historia&Sociedad,España,España
2009,2009-05-11,Historia&Sociedad,España,España
2009,2009-05-29,Historia&Sociedad,España,España
2009,2009-06-24,Historia&Sociedad,España,España
2009,2009-09-02,Historia&Sociedad,España,España
2009,2009-03-18,Iglesia,España,España
2009,2009-03-25,Iglesia,España,España
2009,2009-05-06,Independencia,España,España
2009,2009-02-16,Migración,España,España
2009,2009-04-03,Migración,España,España
2009,2009-07-31,Periódico,España,España
2009,2009-01-19,Política,España,España
2009,2009-01-21,Política,España,España
2009,2009-01-23,Política,España,España
2009,2009-01-28,Política,España,España
2009,2009-01-30,Política,España,España
2009,2009-02-10,Política,España,España
2009,2009-02-23,Política,España,España
2009,2009-03-04,Política,España,España
2009,2009-03-16,Política,España,España
2009,2009-03-23,Política,España,España
2009,2009-04-06,Política,España,España
2009,2009-04-08,Política,España,España
2009,2009-04-28,Política,España,España
2009,2009-05-15,Política,España,España
2009,2009-06-05,Política,España,España
2009,2009-06-10,Política,España,España
2009,2009-06-26,Política,España,España
2009,2009-07-01,Política,España,España
2009,2009-07-20,Política,España,España
2010,2010-05-18,Dedicatoria,España,España
2010,2010-06-04,Dedicatoria,España,España
2010,2010-08-20,Dedicatoria,España,España
2010,2010-10-15,Dedicatoria,España,España
2010,2010-10-15,Dedicatoria,España,España
2010,2010-10-27,Dedicatoria,España,España
2010,2010-10-29,Dedicatoria,España,España
2010,2010-04-26,Ecología ,España,España
2010,2010-05-04,Ecología ,España,España
2010,2010-07-21,Ecología ,España,España
2010,2010-10-08,Ecología ,España,España
2010,2010-10-18,Ecología ,España,España
2010,2010-12-10,Ecología ,España,España
2010,2010-04-30,Economía,España,España
2010,2010-05-12,Economía,España,España
2010,2010-05-19,Economía,España,España
2010,2010-05-24,Economía,España,España
2010,2010-05-28,Economía,España,España
2010,2010-05-28,Economía,España,España
2010,2010-05-31,Economía,España,España
2010,2010-06-25,Economía,España,España
2010,2010-06-28,Economía,España,España
2010,2010-07-02,Economía,España,España
2010,2010-07-02,Economía,España,España
2010,2010-07-09,Economía,España,España
2010,2010-09-20,Economía,España,España
2010,2010-09-23,Economía,España,España
2010,2010-11-08,Economía,España,España
2010,2010-11-15,Economía,España,España
2010,2010-11-22,Economía,España,España
2010,2010-11-26,Economía,España,España
2010,2010-12-07,Economía,España,España
2010,2010-12-20,Economía,España,España
2010,2010-05-10,Guerra,España,España
2010,2010-09-08,Guerra,España,España
2010,2010-10-04,Guerra,España,España
2010,2010-11-10,Guerra,España,España
2010,2010-11-29,Guerra,España,España
2010,2010-12-01,Guerra,España,España
2010,2010-04-23,Historia&Sociedad,España,España
2010,2010-05-17,Historia&Sociedad,España,España
2010,2010-09-22,Historia&Sociedad,España,España
2010,2010-10-13,Historia&Sociedad,España,España
2010,2010-10-20,Historia&Sociedad,España,España
2010,2010-11-22,Historia&Sociedad,España,España
2010,2010-12-13,Historia&Sociedad,España,España
2010,2010-11-12,Iglesia,España,España
2010,2010-07-14,Independencia,España,España
2010,2010-09-09,Independencia,España,España
2010,2010-09-13,Independencia,España,España
2010,2010-09-24,Independencia,España,España
2010,2010-10-08,Independencia,España,España
2010,2010-07-16,Política,España,España
2010,2010-11-03,Política,España,España
2010,2010-11-12,Política,España,España
2010,2010-05-14,Política,España,España
2010,2010-06-16,Política,España,España
2010,2010-06-21,Política,España,España
2010,2010-06-25,Política,España,España
2010,2010-09-01,Política,España,España
2010,2010-09-03,Política,España,España
2010,2010-09-10,Política,España,España
2010,2010-09-17,Política,España,España
2010,2010-10-25,Política,España,España
2010,2010-11-05,Política,España,España
2010,2010-11-17,Política,España,España
2010,2010-11-19,Política,España,España
2010,2010-12-03,Política,España,España
2010,2010-12-29,Política,España,España
2010,2010-07-05,Sexismo,España,España
2010,2010-07-07,Sexismo,España,España
2010,2010-07-19,Sexismo,España,España
2011,2011-01-25,Dedicatoria,España,España
2011,2011-03-11,Dedicatoria,España,España
2011,2011-04-18,Dedicatoria,España,España
2011,2011-05-20,Dedicatoria,España,España
2011,2011-05-23,Dedicatoria,España,España
2011,2011-05-27,Dedicatoria,España,España
2011,2011-07-25,Dedicatoria,España,España
2011,2011-12-16,Dedicatoria,España,España
2011,2011-03-14,Ecología ,España,España
2011,2011-03-16,Ecología ,España,España
2011,2011-03-30,Ecología ,España,España
2011,2011-04-11,Ecología ,España,España
2011,2011-12-14,Ecología ,España,España
2011,2011-12-14,Ecología ,España,España
2011,2011-01-28,Economía,España,España
2011,2011-01-31,Economía,España,España
2011,2011-02-04,Economía,España,España
2011,2011-02-25,Economía,España,España
2011,2011-04-18,Economía,España,España
2011,2011-06-17,Economía,España,España
2011,2011-06-27,Economía,España,España
2011,2011-06-28,Economía,España,España
2011,2011-07-18,Economía,España,España
2011,2011-07-20,Economía,España,España
2011,2011-09-14,Economía,España,España
2011,2011-09-30,Economía,España,España
2011,2011-10-07,Economía,España,España
2011,2011-11-04,Economía,España,España
2011,2011-11-08,Economía,España,España
2011,2011-11-11,Economía,España,España
2011,2011-11-22,Economía,España,España
2011,2011-11-25,Economía,España,España
2011,2011-02-02,Guerra,España,España
2011,2011-02-23,Guerra,España,España
2011,2011-02-28,Guerra,España,España
2011,2011-03-09,Guerra,España,España
2011,2011-04-06,Guerra,España,España
2011,2011-05-03,Guerra,España,España
2011,2011-05-23,Guerra,España,España
2011,2011-05-30,Guerra,España,España
2011,2011-06-24,Guerra,España,España
2011,2011-07-04,Guerra,España,España
2011,2011-07-27,Guerra,España,España
2011,2011-09-23,Guerra,España,España
2011,2011-09-26,Guerra,España,España
2011,2011-10-04,Guerra,España,España
2011,2011-10-11,Guerra,España,España
2011,2011-10-17,Guerra,España,España
2011,2011-10-21,Guerra,España,España
2011,2011-01-05,Historia&Sociedad,España,España
2011,2011-01-07,Historia&Sociedad,España,España
2011,2011-03-14,Historia&Sociedad,España,España
2011,2011-03-18,Historia&Sociedad,España,España
2011,2011-05-13,Historia&Sociedad,España,España
2011,2011-06-06,Historia&Sociedad,España,España
2011,2011-06-08,Historia&Sociedad,España,España
2011,2011-06-21,Historia&Sociedad,España,España
2011,2011-07-08,Historia&Sociedad,España,España
2011,2011-09-16,Historia&Sociedad,España,España
2011,2011-01-14,Independencia,España,España
2011,2011-01-17,Independencia,España,España
2011,2011-02-09,Independencia,España,España
2011,2011-02-15,Independencia,España,España
2011,2011-03-25,Independencia,España,España
2011,2011-10-25,Independencia,España,España
2011,2011-04-26,Migración,España,España
2011,2011-12-02,Periódico,España,España
2011,2011-04-06,Política,España,España
2011,2011-04-08,Política,España,España
2011,2011-04-29,Política,España,España
2011,2011-06-10,Política,España,España
2011,2011-10-31,Política,España,España
2011,2011-01-11,Política,España,España
2011,2011-01-12,Política,España,España
2011,2011-01-17,Política,España,España
2011,2011-01-21,Política,España,España
2011,2011-01-24,Política,España,España
2011,2011-02-02,Política,España,España
2011,2011-02-16,Política,España,España
2011,2011-02-18,Política,España,España
2011,2011-02-21,Política,España,España
2011,2011-02-21,Política,España,España
2011,2011-02-28,Política,España,España
2011,2011-03-28,Política,España,España
2011,2011-03-29,Política,España,España
2011,2011-04-04,Política,España,España
2011,2011-04-11,Política,España,España
2011,2011-04-15,Política,España,España
2011,2011-04-27,Política,España,España
2011,2011-05-09,Política,España,España
2011,2011-05-17,Política,España,España
2011,2011-05-18,Política,España,España
2011,2011-06-13,Política,España,España
2011,2011-06-14,Política,España,España
2011,2011-06-15,Política,España,España
2011,2011-06-20,Política,España,España
2011,2011-07-06,Política,España,España
2011,2011-07-11,Política,España,España
2011,2011-07-13,Política,España,España
2011,2011-07-15,Política,España,España
2011,2011-07-18,Política,España,España
2011,2011-07-22,Política,España,España
2011,2011-07-26,Política,España,España
2011,2011-08-17,Política,España,España
2011,2011-09-06,Política,España,España
2011,2011-09-09,Política,España,España
2011,2011-09-13,Política,España,España
2011,2011-09-21,Política,España,España
2011,2011-09-27,Política,España,España
2011,2011-10-11,Política,España,España
2011,2011-10-18,Política,España,España
2011,2011-11-02,Política,España,España
2011,2011-11-02,Política,España,España
2011,2011-11-09,Política,España,España
2011,2011-11-14,Política,España,España
2011,2011-11-16,Política,España,España
2011,2011-11-18,Política,España,España
2011,2011-11-21,Política,España,España
2011,2011-11-23,Política,España,España
2011,2011-11-28,Política,España,España
2011,2011-11-29,Política,España,España
2011,2011-12-21,Política,España,España
2011,2011-12-27,Política,España,España
2011,2011-12-28,Política,España,España
2011,2011-03-07,Sexismo,España,España
2011,2011-08-22,Sexismo,España,España
2011,2011-08-30,Sexismo,España,España
2011,2011-04-04,Sexismo,España,España
2012,2012-06-15,Dedicatoria,España,España
2012,2012-06-18,Dedicatoria,España,España
2012,2012-06-20,Dedicatoria,España,España
2012,2012-06-22,Dedicatoria,España,España
2012,2012-07-13,Dedicatoria,España,España
2012,2012-08-31,Dedicatoria,España,España
2012,2012-10-02,Dedicatoria,España,España
2012,2012-01-30,Ecología ,España,España
2012,2012-08-20,Ecología ,España,España
2012,2012-01-20,Economía,España,España
2012,2012-01-30,Economía,España,España
2012,2012-02-01,Economía,España,España
2012,2012-02-06,Economía,España,España
2012,2012-02-15,Economía,España,España
2012,2012-02-20,Economía,España,España
2012,2012-03-16,Economía,España,España
2012,2012-03-19,Economía,España,España
2012,2012-03-21,Economía,España,España
2012,2012-03-28,Economía,España,España
2012,2012-04-11,Economía,España,España
2012,2012-04-11,Economía,España,España
2012,2012-04-17,Economía,España,España
2012,2012-04-25,Economía,España,España
2012,2012-05-03,Economía,España,España
2012,2012-05-09,Economía,España,España
2012,2012-05-09,Economía,España,España
2012,2012-05-11,Economía,España,España
2012,2012-05-18,Economía,España,España
2012,2012-05-21,Economía,España,España
2012,2012-05-23,Economía,España,España
2012,2012-05-23,Economía,España,España
2012,2012-05-25,Economía,España,España
2012,2012-05-28,Economía,España,España
2012,2012-05-30,Economía,España,España
2012,2012-05-30,Economía,España,España
2012,2012-06-06,Economía,España,España
2012,2012-06-29,Economía,España,España
2012,2012-07-04,Economía,España,España
2012,2012-07-06,Economía,España,España
2012,2012-07-11,Economía,España,España
2012,2012-07-16,Economía,España,España
2012,2012-07-18,Economía,España,España
2012,2012-09-05,Economía,España,España
2012,2012-09-10,Economía,España,España
2012,2012-09-11,Economía,España,España
2012,2012-09-12,Economía,España,España
2012,2012-09-17,Economía,España,España
2012,2012-09-21,Economía,España,España
2012,2012-09-24,Economía,España,España
2012,2012-09-28,Economía,España,España
2012,2012-10-03,Economía,España,España
2012,2012-10-22,Economía,España,España
2012,2012-10-23,Economía,España,España
2012,2012-10-24,Economía,España,España
2012,2012-10-30,Economía,España,España
2012,2012-11-06,Economía,España,España
2012,2012-11-07,Economía,España,España
2012,2012-11-19,Economía,España,España
2012,2012-11-23,Economía,España,España
2012,2012-11-28,Economía,España,España
2012,2012-11-28,Economía,España,España
2012,2012-12-10,Economía,España,España
2012,2012-12-17,Economía,España,España
2012,2012-12-19,Economía,España,España
2012,2012-12-20,Economía,España,España
2012,2012-01-11,Guerra,España,España
2012,2012-01-18,Guerra,España,España
2012,2012-02-15,Guerra,España,España
2012,2012-06-25,Guerra,España,España
2012,2012-10-17,Guerra,España,España
2012,2012-11-21,Guerra,España,España
2012,2012-05-14,Historia&Sociedad,España,España
2012,2012-11-05,Historia&Sociedad,España,España
2012,2012-12-14,Historia&Sociedad,España,España
2012,2012-06-14,Iglesia,España,España
2012,2012-09-15,Independencia,España,España
2012,2012-09-19,Independencia,España,España
2012,2012-04-02,Migración,España,España
2012,2012-04-27,Migración,España,España
2012,2012-01-16,Política,España,España
2012,2012-06-08,Política,España,España
2012,2012-12-05,Política,España,España
2012,2012-01-04,Política,España,España
2012,2012-01-05,Política,España,España
2012,2012-01-11,Política,España,España
2012,2012-01-23,Política,España,España
2012,2012-01-25,Política,España,España
2012,2012-01-25,Política,España,España
2012,2012-02-08,Política,España,España
2012,2012-02-13,Política,España,España
2012,2012-02-17,Política,España,España
2012,2012-02-22,Política,España,España
2012,2012-02-22,Política,España,España
2012,2012-02-24,Política,España,España
2012,2012-02-27,Política,España,España
2012,2012-02-28,Política,España,España
2012,2012-03-05,Política,España,España
2012,2012-03-09,Política,España,España
2012,2012-03-12,Política,España,España
2012,2012-03-14,Política,España,España
2012,2012-03-21,Política,España,España
2012,2012-03-23,Política,España,España
2012,2012-03-28,Política,España,España
2012,2012-04-04,Política,España,España
2012,2012-04-16,Política,España,España
2012,2012-04-20,Política,España,España
2012,2012-05-04,Política,España,España
2012,2012-05-07,Política,España,España
2012,2012-06-04,Política,España,España
2012,2012-06-13,Política,España,España
2012,2012-06-27,Política,España,España
2012,2012-07-13,Política,España,España
2012,2012-07-27,Política,España,España
2012,2012-07-27,Política,España,España
2012,2012-07-31,Política,España,España
2012,2012-08-24,Política,España,España
2012,2012-09-19,Política,España,España
2012,2012-10-26,Política,España,España
2012,2012-10-29,Política,España,España
2012,2012-11-09,Política,España,España
2012,2012-11-12,Política,España,España
2012,2012-11-15,Política,España,España
2012,2012-11-16,Política,España,España
2012,2012-11-21,Política,España,España
2012,2012-11-26,Política,España,España
2012,2012-11-30,Política,España,España
2012,2012-12-14,Política,España,España
2012,2012-12-26,Política,España,España
2012,2012-03-07,Sexismo,España,España
2012,2012-03-09,Sexismo,España,España
2012,2012-03-14,Sexismo,España,España
2012,2012-03-26,Sexismo,España,España
2013,2013-03-13,Dedicatoria,España,España
2013,2013-06-07,Dedicatoria,España,España
2013,2013-06-26,Dedicatoria,España,España
2013,2013-10-30,Dedicatoria,España,España
2013,2013-01-11,Economía,España,España
2013,2013-01-14,Economía,España,España
2013,2013-01-14,Economía,España,España
2013,2013-02-20,Economía,España,España
2013,2013-03-01,Economía,España,España
2013,2013-03-04,Economía,España,España
2013,2013-03-11,Economía,España,España
2013,2013-03-18,Economía,España,España
2013,2013-03-27,Economía,España,España
2013,2013-04-02,Economía,España,España
2013,2013-04-03,Economía,España,España
2013,2013-04-03,Economía,España,España
2013,2013-04-11,Economía,España,España
2013,2013-04-15,Economía,España,España
2013,2013-04-19,Economía,España,España
2013,2013-04-24,Economía,España,España
2013,2013-04-24,Economía,España,España
2013,2013-04-26,Economía,España,España
2013,2013-04-29,Economía,España,España
2013,2013-04-30,Economía,España,España
2013,2013-05-06,Economía,España,España
2013,2013-05-15,Economía,España,España
2013,2013-05-29,Economía,España,España
2013,2013-06-01,Economía,España,España
2013,2013-06-05,Economía,España,España
2013,2013-06-14,Economía,España,España
2013,2013-07-11,Economía,España,España
2013,2013-07-15,Economía,España,España
2013,2013-09-09,Economía,España,España
2013,2013-09-18,Economía,España,España
2013,2013-09-23,Economía,España,España
2013,2013-10-04,Economía,España,España
2013,2013-10-10,Economía,España,España
2013,2013-10-13,Economía,España,España
2013,2013-10-21,Economía,España,España
2013,2013-12-04,Economía,España,España
2013,2013-12-12,Economía,España,España
2013,2013-12-18,Economía,España,España
2013,2013-12-23,Economía,España,España
2013,2013-12-26,Economía,España,España
2013,2013-09-04,Guerra,España,España
2013,2013-09-06,Guerra,España,España
2013,2013-09-11,Guerra,España,España
2013,2013-10-28,Guerra,España,España
2013,2013-01-30,Historia&Sociedad,España,España
2013,2013-02-13,Historia&Sociedad,España,España
2013,2013-03-13,Historia&Sociedad,España,España
2013,2013-05-08,Historia&Sociedad,España,España
2013,2013-05-29,Historia&Sociedad,España,España
2013,2013-06-05,Historia&Sociedad,España,España
2013,2013-06-10,Historia&Sociedad,España,España
2013,2013-06-12,Historia&Sociedad,España,España
2013,2013-07-03,Historia&Sociedad,España,España
2013,2013-07-10,Historia&Sociedad,España,España
2013,2013-07-17,Historia&Sociedad,España,España
2013,2013-09-20,Historia&Sociedad,España,España
2013,2013-10-02,Historia&Sociedad,España,España
2013,2013-10-25,Historia&Sociedad,España,España
2013,2013-03-06,Independencia,España,España
2013,2013-09-13,Independencia,España,España
2013,2013-09-18,Independencia,España,España
2013,2013-12-16,Independencia,España,España
2013,2013-09-02,Migración,España,España
2013,2013-10-16,Migración,España,España
2013,2013-10-24,Migración,España,España
2013,2013-11-28,Migración,España,España
2013,2013-01-07,Periódico,España,España
2013,2013-01-09,Periódico,España,España
2013,2013-07-19,Periódico,España,España
2013,2013-08-07,Periódico,España,España
2013,2013-12-13,Periódico,España,España
2013,2013-12-27,Periódico,España,España
2013,2013-05-24,Política,España,España
2013,2013-06-21,Política,España,España
2013,2013-01-01,Política,España,España
2013,2013-01-18,Política,España,España
2013,2013-01-23,Política,España,España
2013,2013-01-25,Política,España,España
2013,2013-01-25,Política,España,España
2013,2013-01-28,Política,España,España
2013,2013-02-01,Política,España,España
2013,2013-02-06,Política,España,España
2013,2013-02-06,Política,España,España
2013,2013-02-06,Política,España,España
2013,2013-02-08,Política,España,España
2013,2013-02-13,Política,España,España
2013,2013-02-15,Política,España,España
2013,2013-02-18,Política,España,España
2013,2013-02-22,Política,España,España
2013,2013-02-27,Política,España,España
2013,2013-02-27,Política,España,España
2013,2013-03-05,Política,España,España
2013,2013-03-15,Política,España,España
2013,2013-03-20,Política,España,España
2013,2013-03-20,Política,España,España
2013,2013-03-22,Política,España,España
2013,2013-04-05,Política,España,España
2013,2013-04-08,Política,España,España
2013,2013-04-10,Política,España,España
2013,2013-04-10,Política,España,España
2013,2013-04-16,Política,España,España
2013,2013-04-17,Política,España,España
2013,2013-05-03,Política,España,España
2013,2013-05-08,Política,España,España
2013,2013-05-10,Política,España,España
2013,2013-05-13,Política,España,España
2013,2013-05-17,Política,España,España
2013,2013-05-20,Política,España,España
2013,2013-06-19,Política,España,España
2013,2013-06-24,Política,España,España
2013,2013-06-28,Política,España,España
2013,2013-07-03,Política,España,España
2013,2013-07-12,Política,España,España
2013,2013-07-31,Política,España,España
2013,2013-08-28,Política,España,España
2013,2013-09-02,Política,España,España
2013,2013-09-16,Política,España,España
2013,2013-09-25,Política,España,España
2013,2013-09-27,Política,España,España
2013,2013-10-09,Política,España,España
2013,2013-10-13,Política,España,España
2013,2013-10-17,Política,España,España
2013,2013-10-18,Política,España,España
2013,2013-10-31,Política,España,España
2013,2013-11-02,Política,España,España
2013,2013-11-06,Política,España,España
2013,2013-11-07,Política,España,España
2013,2013-11-11,Política,España,España
2013,2013-11-13,Política,España,España
2013,2013-11-14,Política,España,España
2013,2013-11-15,Política,España,España
2013,2013-11-18,Política,España,España
2013,2013-11-22,Política,España,España
2013,2013-11-27,Política,España,España
2013,2013-12-05,Política,España,España
2013,2013-12-13,Política,España,España
2013,2013-12-18,Política,España,España
2013,2013-12-20,Política,España,España
2013,2013-12-30,Política,España,España
2013,2013-05-16,Sexismo,España,España
2014,2014-04-02,Dedicatoria,España,España
2014,2014-04-18,Dedicatoria,España,España
2014,2014-05-26,Dedicatoria,España,España
2014,2014-05-29,Dedicatoria,España,España
2014,2014-06-26,Dedicatoria,España,España
2014,2014-08-21,Dedicatoria,España,España
2014,2014-12-11,Dedicatoria,España,España
2014,2014-02-21,Ecología ,España,España
2014,2014-09-24,Ecología ,España,España
2014,2014-10-02,Ecología ,España,España
2014,2014-01-22,Economía,España,España
2014,2014-01-23,Economía,España,España
2014,2014-01-31,Economía,España,España
2014,2014-02-06,Economía,España,España
2014,2014-02-12,Economía,España,España
2014,2014-03-03,Economía,España,España
2014,2014-03-05,Economía,España,España
2014,2014-03-14,Economía,España,España
2014,2014-03-19,Economía,España,España
2014,2014-04-16,Economía,España,España
2014,2014-05-12,Economía,España,España
2014,2014-06-09,Economía,España,España
2014,2014-06-13,Economía,España,España
2014,2014-07-09,Economía,España,España
2014,2014-07-10,Economía,España,España
2014,2014-07-16,Economía,España,España
2014,2014-07-30,Economía,España,España
2014,2014-08-06,Economía,España,España
2014,2014-10-08,Economía,España,España
2014,2014-10-13,Economía,España,España
2014,2014-10-17,Economía,España,España
2014,2014-10-22,Economía,España,España
2014,2014-10-23,Economía,España,España
2014,2014-11-10,Economía,España,España
2014,2014-11-19,Economía,España,España
2014,2014-11-21,Economía,España,España
2014,2014-12-17,Economía,España,España
2014,2014-12-18,Economía,España,España
2014,2014-01-02,Guerra,España,España
2014,2014-01-09,Guerra,España,España
2014,2014-03-11,Guerra,España,España
2014,2014-03-12,Guerra,España,España
2014,2014-03-19,Guerra,España,España
2014,2014-04-10,Guerra,España,España
2014,2014-05-14,Guerra,España,España
2014,2014-05-19,Guerra,España,España
2014,2014-07-21,Guerra,España,España
2014,2014-09-01,Guerra,España,España
2014,2014-09-15,Guerra,España,España
2014,2014-09-26,Guerra,España,España
2014,2014-12-12,Guerra,España,España
2014,2014-01-27,Historia&Sociedad,España,España
2014,2014-02-24,Historia&Sociedad,España,España
2014,2014-02-26,Historia&Sociedad,España,España
2014,2014-04-03,Historia&Sociedad,España,España
2014,2014-04-04,Historia&Sociedad,España,España
2014,2014-07-02,Historia&Sociedad,España,España
2014,2014-07-28,Historia&Sociedad,España,España
2014,2014-10-14,Historia&Sociedad,España,España
2014,2014-10-16,Historia&Sociedad,España,España
2014,2014-10-31,Historia&Sociedad,España,España
2014,2014-11-03,Historia&Sociedad,España,España
2014,2014-11-20,Historia&Sociedad,España,España
2014,2014-11-27,Iglesia,España,España
2014,2014-04-09,Independencia,España,España
2014,2014-09-08,Independencia,España,España
2014,2014-09-12,Independencia,España,España
2014,2014-09-19,Independencia,España,España
2014,2014-09-22,Independencia,España,España
2014,2014-09-24,Independencia,España,España
2014,2014-10-01,Independencia,España,España
2014,2014-11-13,Independencia,España,España
2014,2014-02-10,Migración,España,España
2014,2014-02-14,Migración,España,España
2014,2014-02-17,Migración,España,España
2014,2014-04-07,Migración,España,España
2014,2014-05-23,Migración,España,España
2014,2014-01-03,Periódico,España,España
2014,2014-07-18,Periódico,España,España
2014,2014-07-30,Periódico,España,España
2014,2014-08-27,Periódico,España,España
2014,2014-11-03,Periódico,España,España
2014,2014-06-20,Política,España,España
2014,2014-12-14,Política,España,España
2014,2014-12-30,Política,España,España
2014,2014-01-08,Política,España,España
2014,2014-01-15,Política,España,España
2014,2014-01-16,Política,España,España
2014,2014-01-17,Política,España,España
2014,2014-01-30,Política,España,España
2014,2014-02-07,Política,España,España
2014,2014-02-12,Política,España,España
2014,2014-02-15,Política,España,España
2014,2014-02-21,Política,España,España
2014,2014-02-24,Política,España,España
2014,2014-02-28,Política,España,España
2014,2014-03-02,Política,España,España
2014,2014-03-24,Política,España,España
2014,2014-03-26,Política,España,España
2014,2014-03-28,Política,España,España
2014,2014-04-11,Política,España,España
2014,2014-04-14,Política,España,España
2014,2014-04-25,Política,España,España
2014,2014-04-30,Política,España,España
2014,2014-05-02,Política,España,España
2014,2014-05-09,Política,España,España
2014,2014-05-14,Política,España,España
2014,2014-05-21,Política,España,España
2014,2014-05-28,Política,España,España
2014,2014-05-30,Política,España,España
2014,2014-06-04,Política,España,España
2014,2014-06-05,Política,España,España
2014,2014-06-06,Política,España,España
2014,2014-06-11,Política,España,España
2014,2014-06-12,Política,España,España
2014,2014-06-16,Política,España,España
2014,2014-06-18,Política,España,España
2014,2014-06-18,Política,España,España
2014,2014-06-23,Política,España,España
2014,2014-06-25,Política,España,España
2014,2014-06-27,Política,España,España
2014,2014-06-30,Política,España,España
2014,2014-07-03,Política,España,España
2014,2014-07-07,Política,España,España
2014,2014-07-18,Política,España,España
2014,2014-07-23,Política,España,España
2014,2014-09-03,Política,España,España
2014,2014-09-11,Política,España,España
2014,2014-09-17,Política,España,España
2014,2014-10-06,Política,España,España
2014,2014-10-09,Política,España,España
2014,2014-10-20,Política,España,España
2014,2014-10-24,Política,España,España
2014,2014-10-27,Política,España,España
2014,2014-10-29,Política,España,España
2014,2014-11-06,Política,España,España
2014,2014-11-07,Política,España,España
2014,2014-11-14,Política,España,España
2014,2014-11-17,Política,España,España
2014,2014-11-24,Política,España,España
2014,2014-11-26,Política,España,España
2014,2014-12-03,Política,España,España
2014,2014-12-14,Política,España,España
2014,2014-12-15,Política,España,España
2014,2014-12-22,Política,España,España
2014,2014-12-23,Política,España,España
2014,2014-12-24,Política,España,España
2014,2014-01-13,Sexismo,España,España
2014,2014-01-20,Sexismo,España,España
2014,2014-03-07,Sexismo,España,España
2014,2014-03-10,Sexismo,España,España
2014,2014-12-19,Sexismo,España,España
2015,2015-01-08,Dedicatoria,España,España
2015,2015-01-09,Dedicatoria,España,España
2015,2015-06-05,Dedicatoria,España,España
2015,2015-06-12,Dedicatoria,España,España
2015,2015-02-23,Ecología ,España,España
2015,2015-04-01,Ecología ,España,España
2015,2015-04-20,Ecología ,España,España
2015,2015-09-02,Ecología ,España,España
2015,2015-09-30,Ecología ,España,España
2015,2015-11-23,Ecología ,España,España
2015,2015-11-30,Ecología ,España,España
2015,2015-12-09,Ecología ,España,España
2015,2015-12-14,Ecología ,España,España
2015,2015-01-16,Economía,España,España
2015,2015-01-21,Economía,España,España
2015,2015-02-02,Economía,España,España
2015,2015-02-19,Economía,España,España
2015,2015-03-05,Economía,España,España
2015,2015-03-18,Economía,España,España
2015,2015-04-06,Economía,España,España
2015,2015-04-24,Economía,España,España
2015,2015-05-07,Economía,España,España
2015,2015-05-18,Economía,España,España
2015,2015-05-25,Economía,España,España
2015,2015-06-03,Economía,España,España
2015,2015-06-25,Economía,España,España
2015,2015-06-29,Economía,España,España
2015,2015-07-09,Economía,España,España
2015,2015-07-10,Economía,España,España
2015,2015-07-16,Economía,España,España
2015,2015-07-17,Economía,España,España
2015,2015-07-24,Economía,España,España
2015,2015-08-03,Economía,España,España
2015,2015-09-14,Economía,España,España
2015,2015-10-07,Economía,España,España
2015,2015-10-14,Economía,España,España
2015,2015-10-21,Economía,España,España
2015,2015-10-30,Economía,España,España
2015,2015-11-13,Economía,España,España
2015,2015-01-14,Guerra,España,España
2015,2015-03-16,Guerra,España,España
2015,2015-03-27,Guerra,España,España
2015,2015-06-17,Guerra,España,España
2015,2015-09-14,Guerra,España,España
2015,2015-09-28,Guerra,España,España
2015,2015-12-04,Guerra,España,España
2015,2015-12-21,Guerra,España,España
2015,2015-03-12,Historia&Sociedad,España,España
2015,2015-04-10,Historia&Sociedad,España,España
2015,2015-04-13,Historia&Sociedad,España,España
2015,2015-04-22,Historia&Sociedad,España,España
2015,2015-04-29,Historia&Sociedad,España,España
2015,2015-05-04,Historia&Sociedad,España,España
2015,2015-05-13,Historia&Sociedad,España,España
2015,2015-05-21,Historia&Sociedad,España,España
2015,2015-05-22,Historia&Sociedad,España,España
2015,2015-05-28,Historia&Sociedad,España,España
2015,2015-06-03,Historia&Sociedad,España,España
2015,2015-06-19,Historia&Sociedad,España,España
2015,2015-07-02,Historia&Sociedad,España,España
2015,2015-07-06,Historia&Sociedad,España,España
2015,2015-08-06,Historia&Sociedad,España,España
2015,2015-08-18,Historia&Sociedad,España,España
2015,2015-09-18,Historia&Sociedad,España,España
2015,2015-10-19,Historia&Sociedad,España,España
2015,2015-11-11,Historia&Sociedad,España,España
2015,2015-12-03,Historia&Sociedad,España,España
2015,2015-07-22,Independencia,España,España
2015,2015-09-09,Independencia,España,España
2015,2015-10-02,Independencia,España,España
2015,2015-04-08,Migración,España,España
2015,2015-04-29,Migración,España,España
2015,2015-05-08,Migración,España,España
2015,2015-09-21,Migración,España,España
2015,2015-01-05,Periódico,España,España
2015,2015-07-20,Periódico,España,España
2015,2015-08-12,Periódico,España,España
2015,2015-12-28,Periódico,España,España
2015,2015-02-20,Política,España,España
2015,2015-11-16,Política,España,España
2015,2015-11-18,Política,España,España
2015,2015-01-05,Política,España,España
2015,2015-01-15,Política,España,España
2015,2015-01-19,Política,España,España
2015,2015-01-26,Política,España,España
2015,2015-01-28,Política,España,España
2015,2015-02-04,Política,España,España
2015,2015-02-06,Política,España,España
2015,2015-02-09,Política,España,España
2015,2015-02-12,Política,España,España
2015,2015-02-25,Política,España,España
2015,2015-03-04,Política,España,España
2015,2015-03-06,Política,España,España
2015,2015-03-11,Política,España,España
2015,2015-03-18,Política,España,España
2015,2015-03-20,Política,España,España
2015,2015-04-01,Política,España,España
2015,2015-04-17,Política,España,España
2015,2015-04-27,Política,España,España
2015,2015-05-14,Política,España,España
2015,2015-05-15,Política,España,España
2015,2015-05-20,Política,España,España
2015,2015-05-27,Política,España,España
2015,2015-05-29,Política,España,España
2015,2015-06-01,Política,España,España
2015,2015-06-08,Política,España,España
2015,2015-06-11,Política,España,España
2015,2015-06-26,Política,España,España
2015,2015-07-15,Política,España,España
2015,2015-07-27,Política,España,España
2015,2015-07-31,Política,España,España
2015,2015-09-04,Política,España,España
2015,2015-09-07,Política,España,España
2015,2015-09-11,Política,España,España
2015,2015-09-23,Política,España,España
2015,2015-09-25,Política,España,España
2015,2015-09-30,Política,España,España
2015,2015-10-16,Política,España,España
2015,2015-10-26,Política,España,España
2015,2015-10-28,Política,España,España
2015,2015-11-02,Política,España,España
2015,2015-11-05,Política,España,España
2015,2015-11-06,Política,España,España
2015,2015-11-20,Política,España,España
2015,2015-12-02,Política,España,España
2015,2015-12-17,Política,España,España
2015,2015-12-29,Política,España,España
2015,2015-02-15,Sexismo,España,España
2015,2015-03-09,Sexismo,España,España
2015,2015-08-27,Sexismo,España,España
2015,2015-11-09,Sexismo,España,España
2015,2015-11-18,Sexismo,España,España
2015,2015-11-25,Sexismo,España,España
2015,2015-12-21,Sexismo,España,España
2016,2016-03-30,Dedicatoria,España,España
2016,2016-04-09,Dedicatoria,España,España
2016,2016-07-20,Dedicatoria,España,España
2016,2016-11-26,Dedicatoria,España,España
2016,2016-11-30,Dedicatoria,España,España
2016,2016-01-25,Ecología ,España,España
2016,2016-06-01,Ecología ,España,España
2016,2016-09-12,Ecología ,España,España
2016,2016-01-13,Economía,España,España
2016,2016-02-12,Economía,España,España
2016,2016-02-15,Economía,España,España
2016,2016-03-02,Economía,España,España
2016,2016-03-16,Economía,España,España
2016,2016-03-30,Economía,España,España
2016,2016-04-06,Economía,España,España
2016,2016-04-06,Economía,España,España
2016,2016-04-11,Economía,España,España
2016,2016-04-13,Economía,España,España
2016,2016-04-14,Economía,España,España
2016,2016-04-20,Economía,España,España
2016,2016-04-27,Economía,España,España
2016,2016-05-02,Economía,España,España
2016,2016-05-18,Economía,España,España
2016,2016-06-16,Economía,España,España
2016,2016-06-20,Economía,España,España
2016,2016-06-29,Economía,España,España
2016,2016-07-04,Economía,España,España
2016,2016-07-06,Economía,España,España
2016,2016-09-21,Economía,España,España
2016,2016-09-26,Economía,España,España
2016,2016-10-16,Economía,España,España
2016,2016-10-28,Economía,España,España
2016,2016-11-04,Economía,España,España
2016,2016-11-14,Economía,España,España
2016,2016-11-16,Economía,España,España
2016,2016-11-16,Economía,España,España
2016,2016-11-18,Economía,España,España
2016,2016-11-23,Economía,España,España
2016,2016-12-10,Economía,España,España
2016,2016-04-01,Guerra,España,España
2016,2016-05-30,Guerra,España,España
2016,2016-07-27,Guerra,España,España
2016,2016-09-19,Guerra,España,España
2016,2016-12-21,Guerra,España,España
2016,2016-12-26,Guerra,España,España
2016,2016-02-17,Historia&Sociedad,España,España
2016,2016-02-22,Historia&Sociedad,España,España
2016,2016-02-24,Historia&Sociedad,España,España
2016,2016-03-09,Historia&Sociedad,España,España
2016,2016-04-22,Historia&Sociedad,España,España
2016,2016-05-20,Historia&Sociedad,España,España
2016,2016-06-10,Historia&Sociedad,España,España
2016,2016-06-17,Historia&Sociedad,España,España
2016,2016-07-25,Historia&Sociedad,España,España
2016,2016-07-27,Historia&Sociedad,España,España
2016,2016-12-23,Independencia,España,España
2016,2016-02-10,Migración,España,España
2016,2016-03-18,Migración,España,España
2016,2016-04-25,Migración,España,España
2016,2016-10-21,Migración,España,España
2016,2016-03-04,Política,España,España
2016,2016-05-13,Política,España,España
2016,2016-10-03,Política,España,España
2016,2016-12-16,Política,España,España
2016,2016-01-05,Política,España,España
2016,2016-01-11,Política,España,España
2016,2016-01-13,Política,España,España
2016,2016-01-20,Política,España,España
2016,2016-01-27,Política,España,España
2016,2016-01-27,Política,España,España
2016,2016-01-29,Política,España,España
2016,2016-01-30,Política,España,España
2016,2016-02-03,Política,España,España
2016,2016-02-05,Política,España,España
2016,2016-02-08,Política,España,España
2016,2016-02-17,Política,España,España
2016,2016-02-19,Política,España,España
2016,2016-02-24,Política,España,España
2016,2016-02-29,Política,España,España
2016,2016-03-07,Política,España,España
2016,2016-03-09,Política,España,España
2016,2016-03-11,Política,España,España
2016,2016-04-15,Política,España,España
2016,2016-04-29,Política,España,España
2016,2016-05-06,Política,España,España
2016,2016-05-09,Política,España,España
2016,2016-05-11,Política,España,España
2016,2016-05-12,Política,España,España
2016,2016-05-18,Política,España,España
2016,2016-05-23,Política,España,España
2016,2016-05-25,Política,España,España
2016,2016-05-27,Política,España,España
2016,2016-06-03,Política,España,España
2016,2016-06-06,Política,España,España
2016,2016-06-08,Política,España,España
2016,2016-06-24,Política,España,España
2016,2016-06-27,Política,España,España
2016,2016-06-30,Política,España,España
2016,2016-07-07,Política,España,España
2016,2016-07-08,Política,España,España
2016,2016-07-11,Política,España,España
2016,2016-07-13,Política,España,España
2016,2016-07-13,Política,España,España
2016,2016-07-29,Política,España,España
2016,2016-08-03,Política,España,España
2016,2016-08-10,Política,España,España
2016,2016-08-17,Política,España,España
2016,2016-08-24,Política,España,España
2016,2016-08-31,Política,España,España
2016,2016-09-02,Política,España,España
2016,2016-09-05,Política,España,España
2016,2016-09-07,Política,España,España
2016,2016-09-09,Política,España,España
2016,2016-09-14,Política,España,España
2016,2016-09-14,Política,España,España
2016,2016-09-16,Política,España,España
2016,2016-09-21,Política,España,España
2016,2016-09-23,Política,España,España
2016,2016-09-28,Política,España,España
2016,2016-10-04,Política,España,España
2016,2016-10-05,Política,España,España
2016,2016-10-11,Política,España,España
2016,2016-10-14,Política,España,España
2016,2016-10-14,Política,España,España
2016,2016-10-16,Política,España,España
2016,2016-10-16,Política,España,España
2016,2016-10-17,Política,España,España
2016,2016-10-19,Política,España,España
2016,2016-10-24,Política,España,España
2016,2016-10-26,Política,España,España
2016,2016-10-31,Política,España,España
2016,2016-11-16,Política,España,España
2016,2016-11-16,Política,España,España
2016,2016-12-03,Política,España,España
2016,2016-12-08,Política,España,España
2016,2016-12-21,Política,España,España
2016,2016-12-28,Política,España,España
2016,2016-01-22,Sexismo,España,España
2016,2016-06-15,Sexismo,España,España
2016,2016-06-22,Sexismo,España,España
2016,2016-11-25,Sexismo,España,España
2016,2016-11-25,Sexismo,España,España
2016,2016-12-22,Sexismo,España,España
2016,2016-04-04,Sexismo,España,España
2017,2017-08-14,Dedicatoria,España,España
2017,2017-01-18,Ecología ,España,España
2017,2017-03-01,Ecología ,España,España
2017,2017-03-25,Ecología ,España,España
2017,2017-04-22,Ecología ,España,España
2017,2017-05-10,Ecología ,España,España
2017,2017-06-21,Ecología ,España,España
2017,2017-06-28,Ecología ,España,España
2017,2017-07-18,Ecología ,España,España
2017,2017-10-24,Ecología ,España,España
2017,2017-01-23,Economía,España,España
2017,2017-02-14,Economía,España,España
2017,2017-02-27,Economía,España,España
2017,2017-04-18,Economía,España,España
2017,2017-04-26,Economía,España,España
2017,2017-05-27,Economía,España,España
2017,2017-06-08,Economía,España,España
2017,2017-07-12,Economía,España,España
2017,2017-07-22,Economía,España,España
2017,2017-07-29,Economía,España,España
2017,2017-10-31,Economía,España,España
2017,2017-12-12,Economía,España,España
2017,2017-01-02,Guerra,España,España
2017,2017-01-06,Guerra,España,España
2017,2017-04-18,Guerra,España,España
2017,2017-05-29,Guerra,España,España
2017,2017-06-10,Guerra,España,España
2017,2017-07-15,Guerra,España,España
2017,2017-08-18,Guerra,España,España
2017,2017-08-23,Guerra,España,España
2017,2017-08-29,Guerra,España,España
2017,2017-03-22,Historia&Sociedad,España,España
2017,2017-04-10,Historia&Sociedad,España,España
2017,2017-04-12,Historia&Sociedad,España,España
2017,2017-05-10,Historia&Sociedad,España,España
2017,2017-07-04,Historia&Sociedad,España,España
2017,2017-07-19,Historia&Sociedad,España,España
2017,2017-07-26,Historia&Sociedad,España,España
2017,2017-10-10,Historia&Sociedad,España,España
2017,2017-10-17,Historia&Sociedad,España,España
2017,2017-09-13,Independencia,España,España
2017,2017-10-04,Independencia,España,España
2017,2017-02-08,Migración,España,España
2017,2017-05-31,Migración,España,España
2017,2017-06-24,Migración,España,España
2017,2017-07-12,Migración,España,España
2017,2017-12-26,Migración,España,España
2017,2017-01-04,Periódico,España,España
2017,2017-03-03,Periódico,España,España
2017,2017-03-12,Periódico,España,España
2017,2017-11-21,Periódico,España,España
2017,2017-01-16,Política,España,España
2017,2017-02-03,Política,España,España
2017,2017-03-10,Política,España,España
2017,2017-05-03,Política,España,España
2017,2017-06-03,Política,España,España
2017,2017-08-09,Política,España,España
2017,2017-09-06,Política,España,España
2017,2017-10-25,Política,España,España
2017,2017-01-04,Política,España,España
2017,2017-01-09,Política,España,España
2017,2017-01-25,Política,España,España
2017,2017-01-27,Política,España,España
2017,2017-01-31,Política,España,España
2017,2017-02-01,Política,España,España
2017,2017-02-20,Política,España,España
2017,2017-02-21,Política,España,España
2017,2017-02-24,Política,España,España
2017,2017-03-01,Política,España,España
2017,2017-03-06,Política,España,España
2017,2017-03-13,Política,España,España
2017,2017-03-15,Política,España,España
2017,2017-03-18,Política,España,España
2017,2017-03-21,Política,España,España
2017,2017-03-29,Política,España,España
2017,2017-04-03,Política,España,España
2017,2017-04-15,Política,España,España
2017,2017-04-29,Política,España,España
2017,2017-05-13,Política,España,España
2017,2017-05-16,Política,España,España
2017,2017-05-24,Política,España,España
2017,2017-06-07,Política,España,España
2017,2017-06-14,Política,España,España
2017,2017-06-19,Política,España,España
2017,2017-06-28,Política,España,España
2017,2017-07-08,Política,España,España
2017,2017-08-02,Política,España,España
2017,2017-08-02,Política,España,España
2017,2017-08-16,Política,España,España
2017,2017-09-05,Política,España,España
2017,2017-09-20,Política,España,España
2017,2017-09-27,Política,España,España
2017,2017-10-03,Política,España,España
2017,2017-11-07,Política,España,España
2017,2017-11-14,Política,España,España
2017,2017-02-28,Sexismo,España,España
2017,2017-03-03,Sexismo,España,España
2017,2017-03-06,Sexismo,España,España
2017,2017-03-08,Sexismo,España,España
2017,2017-06-01,Sexismo,España,España
2017,2017-07-05,Sexismo,España,España
2017,2017-08-30,Sexismo,España,España
2017,2017-11-28,Sexismo,España,España
2018,2018-01-09,Guerra,España,España
2018,2018-01-02,Política,España,España
2010,2010-11-29,Dedicatoria,Alemania,Europa
2010,2010-07-23,Historia&Sociedad,Alemania,Europa
2011,2011-11-15,Política,Alemania,Europa
2011,2011-12-23,Política,Alemania,Europa
2012,2012-04-18,Economía,Alemania,Europa
2012,2012-06-02,Economía,Alemania,Europa
2012,2012-05-16,Guerra,Alemania,Europa
2012,2012-10-31,Historia&Sociedad,Alemania,Europa
2012,2012-01-06,Política,Alemania,Europa
2012,2012-01-27,Política,Alemania,Europa
2012,2012-09-07,Política,Alemania,Europa
2012,2012-10-12,Política,Alemania,Europa
2012,2012-12-21,Política,Alemania,Europa
2013,2013-11-21,Ecología ,Alemania,Europa
2013,2013-01-16,Historia&Sociedad,Alemania,Europa
2014,2014-04-16,Ecología ,Alemania,Europa
2014,2014-09-10,Política,Alemania,Europa
2014,2014-09-29,Política,Alemania,Europa
2015,2015-12-11,Ecología ,Alemania,Europa
2015,2015-09-16,Historia&Sociedad,Alemania,Europa
2015,2015-07-03,Política,Alemania,Europa
2015,2015-01-30,Política,Alemania,Europa
2015,2015-04-15,Política,Alemania,Europa
2015,2015-05-11,Política,Alemania,Europa
2017,2017-12-19,Economía,Alemania,Europa
2008,2008-01-02,Migración,Bélgica,Europa
2010,2010-07-20,Dedicatoria,Bélgica,Europa
2011,2011-12-07,Economía,Bélgica,Europa
2011,2011-09-03,Política,Bélgica,Europa
2011,2011-01-05,Política,Bélgica,Europa
2011,2011-02-14,Política,Bélgica,Europa
2011,2011-09-12,Política,Bélgica,Europa
2012,2012-05-01,Economía,Bélgica,Europa
2012,2012-06-20,Guerra,Bélgica,Europa
2012,2012-07-09,Historia&Sociedad,Bélgica,Europa
2012,2012-08-20,Historia&Sociedad,Bélgica,Europa
2012,2012-10-10,Independencia,Bélgica,Europa
2012,2012-05-16,Migración,Bélgica,Europa
2012,2012-10-08,Migración,Bélgica,Europa
2012,2012-12-28,Periódico,Bélgica,Europa
2013,2013-08-22,Economía,Bélgica,Europa
2013,2013-09-04,Economía,Bélgica,Europa
2013,2013-06-26,Historia&Sociedad,Bélgica,Europa
2013,2013-11-20,Política,Bélgica,Europa
2014,2014-05-08,Guerra,Bélgica,Europa
2014,2014-04-28,Historia&Sociedad,Bélgica,Europa
2014,2014-05-05,Historia&Sociedad,Bélgica,Europa
2014,2014-07-25,Historia&Sociedad,Bélgica,Europa
2014,2014-04-24,Política,Bélgica,Europa
2015,2015-02-11,Economía,Bélgica,Europa
2015,2015-02-19,Economía,Bélgica,Europa
2015,2015-10-09,Economía,Bélgica,Europa
2015,2015-03-23,Política,Bélgica,Europa
2015,2015-06-24,Política,Bélgica,Europa
2015,2015-06-15,Política,Bélgica,Europa
2016,2016-04-18,Economía,Bélgica,Europa
2016,2016-09-28,Economía,Bélgica,Europa
2016,2016-11-16,Economía,Bélgica,Europa
2016,2016-12-01,Economía,Bélgica,Europa
2016,2016-12-09,Economía,Bélgica,Europa
2016,2016-01-04,Periódico,Bélgica,Europa
2016,2016-05-05,Política,Bélgica,Europa
2017,2017-09-26,Política,Bélgica,Europa
2010,2010-09-06,Política,France,Europa
2013,2013-07-08,Política,France,Europa
2015,2015-04-15,Dedicatoria,France,Europa
2015,2015-09-02,Ecología ,France,Europa
2007,2007-12-12,Ecología ,Francia,Europa
2010,2010-09-03,Guerra,Francia,Europa
2010,2010-10-29,Guerra,Francia,Europa
2010,2010-04-27,Historia&Sociedad,Francia,Europa
2010,2010-09-17,Iglesia,Francia,Europa
2015,2015-10-14,Política,Francia,Europa
2008,2008-04-11,Política,Grecia,Europa
2008,2008-11-28,Política,Grecia,Europa
2010,2010-06-06,Dedicatoria,Grecia,Europa
2010,2010-09-15,Dedicatoria,Grecia,Europa
2010,2010-10-22,Dedicatoria,Grecia,Europa
2011,2011-10-19,Independencia,Grecia,Europa
2011,2011-05-01,Migración,Grecia,Europa
2011,2011-05-16,Migración,Grecia,Europa
2011,2011-08-17,Periódico,Grecia,Europa
2011,2011-01-19,Política,Grecia,Europa
2011,2011-09-07,Política,Grecia,Europa
2011,2011-09-19,Política,Grecia,Europa
2011,2011-09-20,Política,Grecia,Europa
2011,2011-12-19,Política,Grecia,Europa
2012,2012-04-13,Economía,Grecia,Europa
2012,2012-04-30,Economía,Grecia,Europa
2015,2015-01-22,Dedicatoria,Grecia,Europa
2015,2015-10-07,Ecología ,Grecia,Europa
2015,2015-01-07,Economía,Grecia,Europa
2015,2015-01-31,Periódico,Grecia,Europa
2015,2015-07-23,Periódico,Grecia,Europa
2015,2015-10-23,Periódico,Grecia,Europa
2015,2015-07-01,Política,Grecia,Europa
2015,2015-03-26,Política,Grecia,Europa
2011,2011-07-01,Política,Holanda,Europa
2016,2016-01-08,Guerra,Holanda,Europa
2010,2010-07-30,Política,Irlanda,Europa
2010,2010-12-27,Política,Islandia,Europa
2010,2010-06-07,Política,Islandia,Europa
2007,2007-09-24,Dedicatoria,Italia,Europa
2008,2008-07-25,Historia&Sociedad,Italia,Europa
2011,2011-05-09,Economía,Italia,Europa
2011,2011-10-05,Política,Italia,Europa
2013,2013-05-22,Economía,Italia,Europa
2013,2013-05-22,Política,Italia,Europa
2010,2010-05-24,Economía,Portugal,Europa
2015,2015-10-28,Política,Portugal,Europa
2016,2016-02-24,Política,Portugal,Europa
2016,2016-03-14,Política,Portugal,Europa
2014,2014-09-05,Guerra,Ucraina,Europa
2009,2009-03-09,Sexismo,Afganistán,Medio Oriente
2010,2010-12-24,Economía,Afganistán,Medio Oriente
2008,2008-01-18,Sexismo,Irak,Medio Oriente
2009,2009-01-07,Historia&Sociedad,Irak,Medio Oriente
2010,2010-10-11,Guerra,Irak,Medio Oriente
2015,2015-12-10,Independencia,Irak,Medio Oriente
2016,2016-06-13,Dedicatoria,Irak,Medio Oriente
2016,2016-03-21,Guerra,Irak,Medio Oriente
2016,2016-03-23,Política,Irak,Medio Oriente
2016,2016-04-27,Política,Irak,Medio Oriente
2017,2017-08-08,Historia&Sociedad,Irak,Medio Oriente
2015,2015-03-02,Política,Israel,Medio Oriente
2007,2007-09-28,Dedicatoria,Pakistán,Medio Oriente
2010,2010-07-28,Guerra,Pakistán,Medio Oriente
2011,2011-03-01,Guerra,Pakistán,Medio Oriente
2007,2007-12-05,Ecología ,Palestina,Medio Oriente
2008,2008-11-12,Economía,Palestina,Medio Oriente
2008,2008-11-21,Política,Palestina,Medio Oriente
2009,2009-07-24,Ecología ,Palestina,Medio Oriente
2010,2010-08-06,Ecología ,Palestina,Medio Oriente
2010,2010-12-15,Economía,Palestina,Medio Oriente
2011,2011-05-11,Migración,Palestina,Medio Oriente
2011,2011-12-30,Periódico,Palestina,Medio Oriente
2011,2011-06-01,Política,Palestina,Medio Oriente
2012,2012-06-27,Política,Palestina,Medio Oriente
2012,2012-10-05,Política,Palestina,Medio Oriente
2014,2014-07-04,Historia&Sociedad,Palestina,Medio Oriente
2014,2014-03-21,Política,Palestina,Medio Oriente
2014,2014-01-10,Política,Palestina,Medio Oriente
2015,2015-07-13,Política,Palestina,Medio Oriente
2012,2012-01-18,Historia&Sociedad,Siria,Medio Oriente
2013,2013-02-25,Política,Siria,Medio Oriente
2014,2014-03-05,Dedicatoria,Siria,Medio Oriente
2014,2014-04-30,Dedicatoria,Siria,Medio Oriente
2014,2014-03-31,Historia&Sociedad,Siria,Medio Oriente
2015,2015-02-05,Dedicatoria,Siria,Medio Oriente
2015,2015-03-13,Política,Siria,Medio Oriente
2015,2015-03-30,Política,Siria,Medio Oriente
2015,2015-12-15,Política,Siria,Medio Oriente
2015,2015-11-12,Sexismo,Siria,Medio Oriente
2016,2016-11-18,Economía,Siria,Medio Oriente
2016,2016-04-18,Historia&Sociedad,Siria,Medio Oriente
2016,2016-07-01,Política,Siria,Medio Oriente
2017,2017-06-14,Política,Siria,Medio Oriente
2011,2011-08-05,Guerra,Siria,Medio Oriente
2007,2007-10-22,Guerra,Turquía,Medio Oriente
2010,2010-09-27,Ecología ,Turquía,Medio Oriente
2010,2010-05-07,Economía,Turquía,Medio Oriente
2011,2011-03-21,Ecología ,Turquía,Medio Oriente
2016,2016-03-16,Política,Turquía,Medio Oriente
2007,2007-11-09,Historia&Sociedad,Mediterráneo ,Mediterráneo 
2008,2008-03-31,Ecología ,Mediterráneo ,Mediterráneo 
2008,2008-05-21,Ecología ,Mediterráneo ,Mediterráneo 
2008,2008-04-21,Historia&Sociedad,Mediterráneo ,Mediterráneo 
2008,2008-10-20,Historia&Sociedad,Mediterráneo ,Mediterráneo 
2008,2008-01-28,Política,Mediterráneo ,Mediterráneo 
2008,2008-11-10,Política,Mediterráneo ,Mediterráneo 
2009,2009-06-22,Historia&Sociedad,Mediterráneo ,Mediterráneo 
2010,2010-06-02,Guerra,Mediterráneo ,Mediterráneo 
2011,2011-07-29,Guerra,Mediterráneo ,Mediterráneo 
2011,2011-09-28,Guerra,Mediterráneo ,Mediterráneo 
2012,2012-09-01,Economía,Mediterráneo ,Mediterráneo 
2012,2012-10-12,Economía,Mediterráneo ,Mediterráneo 
2012,2012-12-05,Economía,Mediterráneo ,Mediterráneo 
2012,2012-03-05,Política,Mediterráneo ,Mediterráneo 
2014,2014-03-26,Guerra,Mediterráneo ,Mediterráneo 
2014,2014-09-03,Historia&Sociedad,Mediterráneo ,Mediterráneo 
2015,2015-09-24,Guerra,Mediterráneo ,Mediterráneo 
2015,2015-01-29,Historia&Sociedad,Mediterráneo ,Mediterráneo 
2015,2015-03-25,Política,Mediterráneo ,Mediterráneo 
2015,2015-11-04,Política,Mediterráneo ,Mediterráneo 
2016,2016-11-21,Economía,Mediterráneo ,Mediterráneo 
2016,2016-02-10,Historia&Sociedad,Mediterráneo ,Mediterráneo 
2017,2017-03-28,Economía,Mediterráneo ,Mediterráneo 
2017,2017-10-18,Política,Mediterráneo ,Mediterráneo 
2017,2017-03-13,Política,Mediterráneo ,Mediterráneo 
2017,2017-12-05,Sexismo,Mediterráneo ,Mediterráneo 
2012,2012-06-06,Historia&Sociedad,Australia,Oceania
2012,2012-01-03,Política,Australia,Oceania
2015,2015-06-10,Política,Nueva Zelandia,Oceania
2007,2007-10-05,Economía,Birmania,Oriente
2008,2008-12-15,Economía,China,Oriente
2008,2008-12-01,Guerra,China,Oriente
2010,2010-10-01,Política,Corea,Oriente
2008,2008-12-25,Periódico,Japón,Oriente
2011,2011-10-26,Economía,Japón,Oriente
2011,2011-11-07,Economía,Japón,Oriente
2016,2016-03-28,Política,Japón,Oriente
2011,2011-12-26,Economía,Jápon,Oriente
2011,2011-03-21,Guerra,Jápon,Oriente
2016,2016-12-19,Política,Inglaterra,Reino Unido
2016,2016-02-01,Política,Inglaterra,Reino Unido
2017,2017-07-26,Historia&Sociedad,Inglaterra,Reino Unido
2008,2008-11-24,Guerra,Reino Unido,Reino Unido
2012,2012-06-11,Política,Reino Unido,Reino Unido
2017,2017-09-20,Política,Reino Unido,Reino Unido
2011,2011-12-21,Economía,Suiza,Suiza
2013,2013-01-21,Economía,Suiza,Suiza
2013,2013-09-25,Economía,Suiza,Suiza
2013,2013-10-23,Economía,Suiza,Suiza
2014,2014-07-14,Guerra,Suiza,Suiza
2015,2015-01-23,Economía,Suiza,Suiza
2015,2015-02-27,Economía,Suiza,Suiza
2015,2015-11-27,Guerra,Suiza,Suiza
2016,2016-01-20,Política,Suiza,Suiza
2007,2007-12-09,Sexismo,Vaticano,Vaticano
2008,2008-04-14,Ecología ,Vaticano,Vaticano
2009,2009-02-18,Historia&Sociedad,Vaticano,Vaticano
2009,2009-04-29,Historia&Sociedad,Vaticano,Vaticano
2010,2010-06-30,Historia&Sociedad,Vaticano,Vaticano
2012,2012-10-19,Guerra,Vaticano,Vaticano
2012,2012-11-03,Guerra,Vaticano,Vaticano
2012,2012-01-13,Historia&Sociedad,Vaticano,Vaticano
2013,2013-04-22,Economía,Vaticano,Vaticano
2013,2013-06-17,Economía,Vaticano,Vaticano
2014,2014-01-24,Política,Vaticano,Vaticano
2014,2014-11-14,Política,Vaticano,Vaticano
2013,2013-05-27,Política,non,España
2014,2014-02-26,Economía,non,España
